,No.CEA/Plg/OM/1/42/2008
,CENTRAL
,CENTRAL,ELECTRICITY
,ELECTRICITY,AUTHORITY
,AUTHORITY
,OPERATION,MONITORING
,OPERATION,DIVISION
,MONITORING,DIVISION


,[,******* DAILY COAL REPORT

COAL STOCK POSITION AT VARIOUS THERMAL POWER STATIONS IN THE COUNTRY AS ON 02.11.2008
REGION /,SL. MODE NAME OF,CAPACITY NORMATIVE DAILY LINK-,ACTUAL STOCK,CRITICAL,REASONS FOR
STATE,NO. OF TRANS
,THERMAL POWER IN MW,STOCK Reqd. AGE IN '000 IN 000,IN COAL STOCK CRITICAL COAL
,PORT,STATION,(Days),TONNES,TONNES,DAYS <7days <4days STOCK
NORTHEN REGION
DELHI,1 RAIL,I.P. STATION,248,25,3.2,34,11
,2 RAIL,RAJGHAT,135,25,2.2,20,9
,3 RAIL,BADARPUR($),720,30,14.2,7,0,*,**,Less receipt -CCL
HARYANA,4 RAIL,FARIDABAD EXT,180,25,2.5,45,18
,5 RAIL,PANIPAT,1360,25,23.3,128,5,*,Less receipt-CCL
,6 RAIL,YAMUNA NAGAR,600,25,8.8,0,0,*,**,Less receipt -CCL
PUNJAB,7 RAIL,GHTP(LEH.MOH.),920,30,15.8,76,5,*,Less receipt
,8 RAIL,GNDTP(BATHINDA),440,30,8.2,24,3,*,**,Less receipt -CCL
,9 RAIL,ROPAR,1260,30,20.8,45,2,*,**,Less receipt -CCL
RAJASTHAN,10 RAIL,KOTA,1045,30,21.0,96,5,*,Less receipt-SECL
,11 RAIL,SURATGARH,1250,30,24.0,62,3,*,**,Less receipt-SECL
U . P.,12 P.H.,ANPARA,1630,15,25.8,70,3,*,**,Less receipt-NCL
,13 RAIL,HARDUAGANJ"B",225,25,2.8,18,6,*,Less receipt -CCL
,14 RAIL,OBRA,1482,20,15.3,27,2,*,**,Less receipt-CCL NCL
,15 RAIL,PANKI,210,30,3.3,1,0,*,**,Less receipt -CCL
,16 RAIL,PARICHHA,640,30,9.8,30,3,*,**,Less receipt -CCL
,17 RAIL,DADRI(NCPP)($),840,30,14.2,64,5,*,Less receipt -CCL
,18 P.H.,RIHAND STPS($),2000,15,34.0,13,0,*,**,Less receipt-NCL
,19 P.H.,SINGRAULI STPS($),2000,15,32.0,6,0,*,**,Linkage < Demand
,20 RAIL,TANDA($),440,25,7.3,26,4,*,Less receipt -CCL
,21 RAIL,UNCHAHAR($),1050,25,18.3,20,1,*,**,Less receipt-CCL BCCL
TOTAL OF THE REGION,18675,24,307.0,812,3,18,12
WESTERN REGION
CHHATTISGARH,22 RAIL,KORBA EAST V500,15,10.0,17,2,*,**,Less receipt-SECL
,23 P.H.,KORBA (East)440,15,8.3,91,11
,24 P.H. KORBA WEST,840,15,11.8,391,33
,25 P.H. KORBA STPS($),2100,15,32.7,778,24
,26 P.H. SIPAT STPS,1000,15,10.0,62,6,*,Less receipt-SECL
GUJARAT,27 RAIL GANDHI NAGAR,870,30,13.3,146,11
,28 RAIL SIKKA REP,240,30,3.7,78,21
,29 RAIL UKAI,850,30,10.6,70,7
,30 RAIL WANAKBORI,1470,30,22.0,90,4,*,Less receipt-SECL
,31 RAIL TORR POWER,390,30,5.7,17,3,*,**,Less receipt-SECL
M. P.,32 P.H. AMARKANTAK,510,15,5.3,99,19
,33 RAIL SANJAY GANDHI,1340,20,21.7,85,4,*,Less receipt-SECL
,34 P.H. SATPURA,1143,20,20.7,89,4,*,Less receipt
,35 P.H. VINDHYACHAL STP($),3260,15,51.7,13,0,*,**,Less receipt-CCL NCL
MAHARASHTRA 36 RAIL BHUSAWAL,475,25,8.7,5,1,*,**,Less receipt -WCL
,37 RAIL CHANDRAPUR,2340,20,36.5,24,1,*,**,Less receipt -WCL
,38 RAIL KHAPARKHEDA II,840,20,15.8,25,2,*,**,Less receipt
,39 RAIL KORADIH,1040,25,17.3,12,1,*,**,Less receipt-SECL MCL
,40 RAIL NASIK,880,25,15.0,19,1,*,**,Less receipt
,41 RAIL PARLI,920,25,13.2,63,5,*,Less receipt
,42 RAIL PARAS,305,20,5.7,62,11
,43 RAIL DAHANU,500,25,9.7,40,4,*,Less receipt-SECL
TOTAL OF THE REGION,22253,21,349.3,2276,7,14,8
siyaram/11/4/2008,1
REGION /,SL. MODE,NAME OF,CAPACITY,NORMATIVE,DAILY LINK-,ACTUAL STOCK,CRITICAL,REASONS FOR
STATE,NO. OF TRANS
,THERMAL POWER,IN MW,STOCK Reqd. AGE IN '000,IN 000,IN,COAL STOCK CRITICAL COAL
,PORT,STATION,(Days),TONNES,TONNES,DAYS <7days <4days STOCK
SOUTHERN REGION
A. P.,44 RAIL,Dr. N. TATA RAO,1260,25,20.0,4,0,*,**,Less receipt-MCL
,45 RAIL,KOTHAGUDEM,1180,20,15.8,11,1,*,**,Linkage < Demand
,46 ROAD RAMAGUNDEM"B",63,20,0.8,18,22
,47 RAIL,RAYALASEEMA,840,25,14.3,36,3,*,**,Less receipt
,48 P.H.,RAMAGUNDAM($),2600,15,40.7,341,8
,49 RAIL,SIMHADRI($),1000,25,20.0,68,3,*,**,Less receipt
KARNATAKA,50 RAIL,RAICHUR,1470,30,30.3,238,8
TAMIL NADU,51 I.M.,ENNORE,450,30,7.5,17,2,*,**,Less receipt-ECL MCL
,52 I.M.,METTUR,840,30,15.8,48,3,*,**,Less receipt
,53 I.M.,NORTH CHENNAI,630,30,13.2,53,4,*,Less receipt-ECL MCL
,54 I.M.,TUTICORIN,1050,30,18.5,68,4,*,Less receipt-ECL MCL
TOTAL OF THE REGION,11383,25,197.0,902,5,8,6
EASTERN REGION
BIHAR,55 RAIL,BARAUNI,320,20,1.0,18,18
,56 RAIL,220
,MUZAFFARPUR,20,1.0,8,8
,57 P.H. KAHALGAON($),1840,15,27.7,4,0,*,**,Less receipt-ECL
ORISSA,58 P.H. IB VALLEY TPS,420,15,5.3,28,5,*,Less receipt- MCL(Ib)
,59 P.H. TALCHER TPS($),470,15,7.9,28,4,*,Linkage < Demand
,60 P.H. TALCHER STPS($),3000,15,60.0,41,1,*,**,Linkage < Demand
JHARKHAND,61 RAIL PATRATU,840,20,3.7,8,2,*,**,Less receipt-CCL
,62 ROAD TENUGHAT,420,20,3.7,0,0,*,**,Less receipt-CCL
,63 RAIL BOKARO"B" (DVC),630,20,8.3,19,2,*,**,Less receipt-CCL
,64 RAIL CHANDRAPURA(DVC),750,20,6.0,47,8
WEST BENGAL 65 RAIL DURGAPUR (DVC),340,20,8.7,52,6,*,Less receipt-ECL
,66 RAIL MEJIA,(DVC),1340,20,22.0,10,0,*,**,Unloading Constraint
,67 RAIL BAKRESHWAR,840,25,13.0,31,2,*,**,Less receipt-EMTA
,68 RAIL BANDEL,450,20,4.7,9,2,*,**,Less receipt-EMTA
,69 RAIL DURGAPUR (DPL),695,20,9.2,65,7
,70 RAIL KOLAGHAT,1260,25,18.3,97,5,*,Less receipt-ECL
,71 RAIL SAGARDIGHI,600,20,6.7,45,7
,72 RAIL SANTALDIH,730,20,6.8,65,10
,73 RAIL BUDGE BUDGE,500,20,7.5,44,6,*,Less receipt
,74 RAIL NEW COSSIPORE,160,20,1.3,17,13
,75 RAIL SOUTHERN REPL,135,25,2.5,13,5,*,Less receipt
,76 RAIL TITAGARH,240,20,3.8,10,3,*,**,Less receipt-ECL
,77 P.H. FARAKKA STPS($),1600,15,32.3,15,0,*,**,Less receipt-ECL
TOTAL OF THE REGION,17800,18,261,674,3,16,10
ALL INDIA TOTAL,70110,22,1114.7,4664,4,56,36
($) = NTPC,I.M. = INTER MODAL,P.H. = PITHEAD
(*) Critical i.e. stock < 7 days in,56,TPSs,(Includes super critical also)
(**) Super Critical i.e.stock < 4 days in,36,TPSs




siyaram/11/4/2008,2
,No.CEA/Plg/OM/1/42/2008
,CENTRAL
,CENTRAL,ELECTRICITY
,ELECTRICITY,AUTHORITY
,AUTHORITY
,OPERATION,MONITORING
,OPERATION,DIVISION
,MONITORING,DIVISION


,[,******* DAILY COAL REPORT

COAL STOCK POSITION AT VARIOUS THERMAL POWER STATIONS IN THE COUNTRY AS ON 03.11.2008
REGION /,SL. MODE NAME OF,CAPACITY NORMATIVE DAILY LINK-,ACTUAL STOCK,CRITICAL,REASONS FOR
STATE,NO. OF TRANS
,THERMAL POWER IN MW,STOCK Reqd. AGE IN '000 IN 000,IN COAL STOCK CRITICAL COAL
,PORT,STATION,(Days),TONNES,TONNES,DAYS <7days <4days STOCK
NORTHEN REGION
DELHI,1 RAIL,I.P. STATION,248,25,3.2,32,10
,2 RAIL,RAJGHAT,135,25,2.2,21,10
,3 RAIL,BADARPUR($),705,30,14.2,11,1,*,**,Less receipt -CCL
HARYANA,4 RAIL,FARIDABAD EXT,180,25,2.5,46,18
,5 RAIL,PANIPAT,1360,25,23.3,127,5,*,Less receipt-CCL
,6 RAIL,YAMUNA NAGAR,600,25,8.8,0,0,*,**,Less receipt -CCL
PUNJAB,7 RAIL,GHTP(LEH.MOH.),920,30,15.8,73,5,*,Less receipt
,8 RAIL,GNDTP(BATHINDA),440,30,8.2,21,3,*,**,Less receipt -CCL
,9 RAIL,ROPAR,1260,30,20.8,36,2,*,**,Less receipt -CCL
RAJASTHAN,10 RAIL,KOTA,1045,30,21.0,95,5,*,Less receipt-SECL
,11 RAIL,SURATGARH,1250,30,24.0,63,3,*,**,Less receipt-SECL
U . P.,12 P.H.,ANPARA,1630,15,25.8,72,3,*,**,Less receipt-NCL
,13 RAIL,HARDUAGANJ"B",225,25,2.8,16,6,*,Less receipt -CCL
,14 RAIL,OBRA,1362,20,15.3,30,2,*,**,Less receipt-CCL NCL
,15 RAIL,PANKI,210,30,3.3,6,2,*,**,Less receipt -CCL
,16 RAIL,PARICHHA,640,30,9.8,27,3,*,**,Less receipt -CCL
,17 RAIL,DADRI(NCPP)($),840,30,14.2,61,4,*,Less receipt -CCL
,18 P.H.,RIHAND STPS($),2000,15,34.0,9,0,*,**,Less receipt-NCL
,19 P.H.,SINGRAULI STPS($),2000,15,32.0,5,0,*,**,Linkage < Demand
,20 RAIL,TANDA($),440,25,7.3,30,4,*,Less receipt -CCL
,21 RAIL,UNCHAHAR($),1050,25,18.3,25,1,*,**,Less receipt-CCL BCCL
TOTAL OF THE REGION,18540,24,307.0,806,3,18,12
WESTERN REGION
CHHATTISGARH,22 RAIL,KORBA EAST V500,15,10.0,18,2,*,**,Less receipt-SECL
,23 P.H.,KORBA (East)440,15,8.3,91,11
,24 P.H. KORBA WEST,840,15,11.8,389,33
,25 P.H. KORBA STPS($),2100,15,32.7,777,24
,26 P.H. SIPAT STPS,1000,15,10.0,65,7
GUJARAT,27 RAIL GANDHI NAGAR,870,30,13.3,152,11
,28 RAIL SIKKA REP,240,30,3.7,76,21
,29 RAIL UKAI,850,30,10.6,66,6,*,Less receipt-SECL
,30 RAIL WANAKBORI,1470,30,22.0,95,4,*,Less receipt-SECL
,31 RAIL TORR POWER,390,30,5.7,17,3,*,**,Less receipt-SECL
M. P.,32 P.H. AMARKANTAK,500,15,5.3,99,19
,33 RAIL SANJAY GANDHI,1340,20,21.7,85,4,*,Less receipt-SECL
,34 P.H. SATPURA,1143,20,20.7,89,4,*,Less receipt
,35 P.H. VINDHYACHAL STP($),3260,15,51.7,4,0,*,**,Less receipt-CCL NCL
MAHARASHTRA 36 RAIL BHUSAWAL,475,25,8.7,6,1,*,**,Less receipt -WCL
,37 RAIL CHANDRAPUR,2340,20,36.5,37,1,*,**,Less receipt -WCL
,38 RAIL KHAPARKHEDA II,840,20,15.8,27,2,*,**,Less receipt
,39 RAIL KORADIH,1040,25,17.3,12,1,*,**,Less receipt-SECL MCL
,40 RAIL NASIK,880,25,15.0,22,1,*,**,Less receipt
,41 RAIL PARLI,920,25,13.2,58,4,*,Less receipt
,42 RAIL PARAS,305,20,5.7,61,11
,43 RAIL DAHANU,500,25,9.7,36,4,*,Less receipt-SECL
TOTAL OF THE REGION,22243,21,349.3,2282,7,14,8
siyaram/11/4/2008,1
REGION /,SL. MODE,NAME OF,CAPACITY,NORMATIVE,DAILY LINK-,ACTUAL STOCK,CRITICAL,REASONS FOR
STATE,NO. OF TRANS
,THERMAL POWER,IN MW,STOCK Reqd. AGE IN '000,IN 000,IN,COAL STOCK CRITICAL COAL
,PORT,STATION,(Days),TONNES,TONNES,DAYS <7days <4days STOCK
SOUTHERN REGION
A. P.,44 RAIL,Dr. N. TATA RAO,1260,25,20.0,6,0,*,**,Less receipt-MCL
,45 RAIL,KOTHAGUDEM,1180,20,15.8,15,1,*,**,Linkage < Demand
,46 ROAD RAMAGUNDEM"B",63,20,0.8,18,22
,47 RAIL,RAYALASEEMA,840,25,14.3,40,3,*,**,Less receipt
,48 P.H.,RAMAGUNDAM($),2600,15,40.7,347,9
,49 RAIL,SIMHADRI($),1000,25,20.0,72,4,*,Less receipt
KARNATAKA,50 RAIL,RAICHUR,1470,30,30.3,247,8
TAMIL NADU,51 I.M.,ENNORE,450,30,7.5,13,2,*,**,Less receipt-ECL MCL
,52 I.M.,METTUR,840,30,15.8,50,3,*,**,Less receipt
,53 I.M.,NORTH CHENNAI,630,30,13.2,49,4,*,Less receipt-ECL MCL
,54 I.M.,TUTICORIN,1050,30,18.5,60,3,*,**,Less receipt-ECL MCL
TOTAL OF THE REGION,11383,25,197.0,917,5,8,6
EASTERN REGION
BIHAR,55 RAIL,BARAUNI,320,20,1.0,18,18
,56 RAIL,220
,MUZAFFARPUR,20,1.0,8,8
,57 P.H. KAHALGAON($),1840,15,27.7,9,0,*,**,Less receipt-ECL
ORISSA,58 P.H. IB VALLEY TPS,420,15,5.3,32,6,*,Less receipt- MCL(Ib)
,59 P.H. TALCHER TPS($),470,15,7.9,26,3,*,**,Linkage < Demand
,60 P.H. TALCHER STPS($),3000,15,60.0,45,1,*,**,Linkage < Demand
JHARKHAND,61 RAIL PATRATU,840,20,3.7,8,2,*,**,Less receipt-CCL
,62 ROAD TENUGHAT,420,20,3.7,0,0,*,**,Less receipt-CCL
,63 RAIL BOKARO"B" (DVC),630,20,8.3,23,3,*,**,Less receipt-CCL
,64 RAIL CHANDRAPURA(DVC),750,20,6.0,48,8
WEST BENGAL 65 RAIL DURGAPUR (DVC),340,20,8.7,49,6,*,Less receipt-ECL
,66 RAIL MEJIA,(DVC),1340,20,22.0,9,0,*,**,Unloading Constraint
,67 RAIL BAKRESHWAR,840,25,13.0,28,2,*,**,Less receipt-EMTA
,68 RAIL BANDEL,450,20,4.7,8,2,*,**,Less receipt-EMTA
,69 RAIL DURGAPUR (DPL),695,20,9.2,67,7
,70 RAIL KOLAGHAT,1260,25,18.3,95,5,*,Less receipt-ECL
,71 RAIL SAGARDIGHI,600,20,6.7,49,7
,72 RAIL SANTALDIH,730,20,6.8,66,10
,73 RAIL BUDGE BUDGE,500,20,7.5,47,6,*,Less receipt
,74 RAIL NEW COSSIPORE,160,20,1.3,16,12
,75 RAIL SOUTHERN REPL,135,25,2.5,15,6,*,Less receipt
,76 RAIL TITAGARH,240,20,3.8,7,2,*,**,Less receipt-ECL
,77 P.H. FARAKKA STPS($),1600,15,32.3,23,1,*,**,Less receipt-ECL
TOTAL OF THE REGION,17800,18,261,696,3,16,11
ALL INDIA TOTAL,69965,22,1114.7,4701,4,56,37
($) = NTPC,I.M. = INTER MODAL,P.H. = PITHEAD
(*) Critical i.e. stock < 7 days in,56,TPSs,(Includes super critical also)
(**) Super Critical i.e.stock < 4 days in,37,TPSs




siyaram/11/4/2008,2
,No.CEA/Plg/OM/1/42/2008
,CENTRAL
,CENTRAL,ELECTRICITY
,ELECTRICITY,AUTHORITY
,AUTHORITY
,OPERATION,MONITORING
,OPERATION,DIVISION
,MONITORING,DIVISION


,[,******* DAILY COAL REPORT

COAL STOCK POSITION AT VARIOUS THERMAL POWER STATIONS IN THE COUNTRY AS ON 04.11.2008
REGION /,SL. MODE NAME OF,CAPACITY NORMATIVE DAILY LINK-,ACTUAL STOCK,CRITICAL,REASONS FOR
STATE,NO. OF TRANS
,THERMAL POWER IN MW,STOCK Reqd. AGE IN '000 IN 000,IN COAL STOCK CRITICAL COAL
,PORT,STATION,(Days),TONNES,TONNES,DAYS <7days <4days STOCK
NORTHEN REGION
DELHI,1 RAIL,I.P. STATION,248,25,3.2,31,10
,2 RAIL,RAJGHAT,135,25,2.2,20,9
,3 RAIL,BADARPUR($),705,30,14.2,9,1,*,**,Less receipt -CCL
HARYANA,4 RAIL,FARIDABAD EXT,180,25,2.5,45,18
,5 RAIL,PANIPAT,1360,25,23.3,120,5,*,Less receipt-CCL
,6 RAIL,YAMUNA NAGAR,600,25,8.8,0,0,*,**,Less receipt -CCL
PUNJAB,7 RAIL,GHTP(LEH.MOH.),920,30,15.8,67,4,*,Less receipt
,8 RAIL,GNDTP(BATHINDA),440,30,8.2,18,2,*,**,Less receipt -CCL
,9 RAIL,ROPAR,1260,30,20.8,47,2,*,**,Less receipt -CCL
RAJASTHAN,10 RAIL,KOTA,1045,30,21.0,111,5,*,Less receipt-SECL
,11 RAIL,SURATGARH,1250,30,24.0,70,3,*,**,Less receipt-SECL
U . P.,12 P.H.,ANPARA,1630,15,25.8,66,3,*,**,Less receipt-NCL
,13 RAIL,HARDUAGANJ"B",225,25,2.8,18,6,*,Less receipt -CCL
,14 RAIL,OBRA,1362,20,15.3,27,2,*,**,Less receipt-CCL NCL
,15 RAIL,PANKI,210,30,3.3,6,2,*,**,Less receipt -CCL
,16 RAIL,PARICHHA,640,30,9.8,26,3,*,**,Less receipt -CCL
,17 RAIL,DADRI(NCPP)($),840,30,14.2,58,4,*,Less receipt -CCL
,18 P.H.,RIHAND STPS($),2000,15,34.0,6,0,*,**,Less receipt-NCL
,19 P.H.,SINGRAULI STPS($),2000,15,32.0,3,0,*,**,Linkage < Demand
,20 RAIL,TANDA($),440,25,7.3,28,4,*,Less receipt -CCL
,21 RAIL,UNCHAHAR($),1050,25,18.3,30,2,*,**,Less receipt-CCL BCCL
TOTAL OF THE REGION,18540,24,307.0,806,3,18,12
WESTERN REGION
CHHATTISGARH,22 RAIL,KORBA EAST V500,15,10.0,21,2,*,**,Less receipt-SECL
,23 P.H.,KORBA (East)440,15,8.3,92,11
,24 P.H. KORBA WEST,840,15,11.8,391,33
,25 P.H. KORBA STPS($),2100,15,32.7,777,24
,26 P.H. SIPAT STPS,1000,15,10.0,68,7
GUJARAT,27 RAIL GANDHI NAGAR,870,30,13.3,136,10
,28 RAIL SIKKA REP,240,30,3.7,75,20
,29 RAIL UKAI,850,30,10.6,61,6,*,Less receipt-SECL
,30 RAIL WANAKBORI,1470,30,22.0,91,4,*,Less receipt-SECL
,31 RAIL TORR POWER,390,30,5.7,16,3,*,**,Less receipt-SECL
M. P.,32 P.H. AMARKANTAK,500,15,5.3,100,19
,33 RAIL SANJAY GANDHI,1340,20,21.7,94,4,*,Less receipt-SECL
,34 P.H. SATPURA,1143,20,20.7,91,4,*,Less receipt
,35 P.H. VINDHYACHAL STP($),3260,15,51.7,4,0,*,**,Less receipt-CCL NCL
MAHARASHTRA 36 RAIL BHUSAWAL,475,25,8.7,6,1,*,**,Less receipt -WCL
,37 RAIL CHANDRAPUR,2340,20,36.5,22,1,*,**,Less receipt -WCL
,38 RAIL KHAPARKHEDA II,840,20,15.8,34,2,*,**,Less receipt
,39 RAIL KORADIH,1040,25,17.3,14,1,*,**,Less receipt-SECL MCL
,40 RAIL NASIK,880,25,15.0,26,2,*,**,Less receipt
,41 RAIL PARLI,920,25,13.2,61,5,*,Less receipt
,42 RAIL PARAS,305,20,5.7,62,11
,43 RAIL DAHANU,500,25,9.7,33,3,*,**,Less receipt-SECL
TOTAL OF THE REGION,22243,21,349.3,2275,7,14,9
siyaram/11/5/2008,1
REGION /,SL. MODE,NAME OF,CAPACITY,NORMATIVE,DAILY LINK-,ACTUAL STOCK,CRITICAL,REASONS FOR
STATE,NO. OF TRANS
,THERMAL POWER,IN MW,STOCK Reqd. AGE IN '000,IN 000,IN,COAL STOCK CRITICAL COAL
,PORT,STATION,(Days),TONNES,TONNES,DAYS <7days <4days STOCK
SOUTHERN REGION
A. P.,44 RAIL,Dr. N. TATA RAO,1260,25,20.0,9,0,*,**,Less receipt-MCL
,45 RAIL,KOTHAGUDEM,1180,20,15.8,15,1,*,**,Linkage < Demand
,46 ROAD RAMAGUNDEM"B",63,20,0.8,18,22
,47 RAIL,RAYALASEEMA,840,25,14.3,45,3,*,**,Less receipt
,48 P.H.,RAMAGUNDAM($),2600,15,40.7,353,9
,49 RAIL,SIMHADRI($),1000,25,20.0,71,4,*,Less receipt
KARNATAKA,50 RAIL,RAICHUR,1470,30,30.3,259,9
TAMIL NADU,51 I.M.,ENNORE,450,30,7.5,16,2,*,**,Less receipt-ECL MCL
,52 I.M.,METTUR,840,30,15.8,48,3,*,**,Less receipt
,53 I.M.,NORTH CHENNAI,630,30,13.2,58,4,*,Less receipt-ECL MCL
,54 I.M.,TUTICORIN,1050,30,18.5,55,3,*,**,Less receipt-ECL MCL
TOTAL OF THE REGION,11383,25,197.0,947,5,8,6
EASTERN REGION
BIHAR,55 RAIL,BARAUNI,320,20,1.0,18,18
,56 RAIL,220
,MUZAFFARPUR,20,1.0,8,8
,57 P.H. KAHALGAON($),1840,15,27.7,0,0,*,**,Less receipt-ECL
ORISSA,58 P.H. IB VALLEY TPS,420,15,5.3,38,7
,59 P.H. TALCHER TPS($),470,15,7.9,28,4,*,Linkage < Demand
,60 P.H. TALCHER STPS($),3000,15,60.0,42,1,*,**,Linkage < Demand
JHARKHAND,61 RAIL PATRATU,840,20,3.7,7,2,*,**,Less receipt-CCL
,62 ROAD TENUGHAT,420,20,3.7,0,0,*,**,Less receipt-CCL
,63 RAIL BOKARO"B" (DVC),630,20,8.3,19,2,*,**,Less receipt-CCL
,64 RAIL CHANDRAPURA(DVC),750,20,6.0,46,8
WEST BENGAL 65 RAIL DURGAPUR (DVC),340,20,8.7,48,6,*,Less receipt-ECL
,66 RAIL MEJIA,(DVC),1340,20,22.0,16,1,*,**,Unloading Constraint
,67 RAIL BAKRESHWAR,840,25,13.0,30,2,*,**,Less receipt-EMTA
,68 RAIL BANDEL,450,20,4.7,10,2,*,**,Less receipt-EMTA
,69 RAIL DURGAPUR (DPL),695,20,9.2,70,8
,70 RAIL KOLAGHAT,1260,25,18.3,88,5,*,Less receipt-ECL
,71 RAIL SAGARDIGHI,600,20,6.7,52,8
,72 RAIL SANTALDIH,730,20,6.8,70,10
,73 RAIL BUDGE BUDGE,500,20,7.5,47,6,*,Less receipt
,74 RAIL NEW COSSIPORE,160,20,1.3,16,12
,75 RAIL SOUTHERN REPL,135,25,2.5,15,6,*,Less receipt
,76 RAIL TITAGARH,240,20,3.8,7,2,*,**,Less receipt-ECL
,77 P.H. FARAKKA STPS($),1600,15,32.3,19,1,*,**,Less receipt-ECL
TOTAL OF THE REGION,17800,18,261,694,3,15,10
ALL INDIA TOTAL,69965,22,1114.7,4722,4,55,37
($) = NTPC,I.M. = INTER MODAL,P.H. = PITHEAD
(*) Critical i.e. stock < 7 days in,55,TPSs,(Includes super critical also)
(**) Super Critical i.e.stock < 4 days in,37,TPSs




siyaram/11/5/2008,2
,No.CEA/Plg/OM/1/42/2008
,CENTRAL
,CENTRAL,ELECTRICITY
,ELECTRICITY,AUTHORITY
,AUTHORITY
,OPERATION,MONITORING
,OPERATION,DIVISION
,MONITORING,DIVISION


,[,******* DAILY COAL REPORT

COAL STOCK POSITION AT VARIOUS THERMAL POWER STATIONS IN THE COUNTRY AS ON 05.11.2008
REGION /,SL. MODE NAME OF,CAPACITY NORMATIVE DAILY LINK-,ACTUAL STOCK,CRITICAL,REASONS FOR
STATE,NO. OF TRANS
,THERMAL POWER IN MW,STOCK Reqd. AGE IN '000 IN 000,IN COAL STOCK CRITICAL COAL
,PORT,STATION,(Days),TONNES,TONNES,DAYS <7days <4days STOCK
NORTHEN REGION
DELHI,1 RAIL,I.P. STATION,248,25,3.2,30,9
,2 RAIL,RAJGHAT,135,25,2.2,18,8
,3 RAIL,BADARPUR($),705,30,14.2,4,0,*,**,Less receipt -CCL
HARYANA,4 RAIL,FARIDABAD EXT,180,25,2.5,45,18
,5 RAIL,PANIPAT,1360,25,23.3,115,5,*,Less receipt-CCL
,6 RAIL,YAMUNA NAGAR,600,25,8.8,0,0,*,**,Less receipt -CCL
PUNJAB,7 RAIL,GHTP(LEH.MOH.),920,30,15.8,60,4,*,Less receipt
,8 RAIL,GNDTP(BATHINDA),440,30,8.2,22,3,*,**,Less receipt -CCL
,9 RAIL,ROPAR,1260,30,20.8,51,2,*,**,Less receipt -CCL
RAJASTHAN,10 RAIL,KOTA,1045,30,21.0,120,6,*,Less receipt-SECL
,11 RAIL,SURATGARH,1250,30,24.0,67,3,*,**,Less receipt-SECL
U . P.,12 P.H.,ANPARA,1630,15,25.8,66,3,*,**,Less receipt-NCL
,13 RAIL,HARDUAGANJ"B",225,25,2.8,17,6,*,Less receipt -CCL
,14 RAIL,OBRA,1362,20,15.3,26,2,*,**,Less receipt-CCL NCL
,15 RAIL,PANKI,210,30,3.3,6,2,*,**,Less receipt -CCL
,16 RAIL,PARICHHA,640,30,9.8,19,2,*,**,Less receipt -CCL
,17 RAIL,DADRI(NCPP)($),840,30,14.2,52,4,*,Less receipt -CCL
,18 P.H.,RIHAND STPS($),2000,15,34.0,2,0,*,**,Less receipt-NCL
,19 P.H.,SINGRAULI STPS($),2000,15,32.0,2,0,*,**,Linkage < Demand
,20 RAIL,TANDA($),440,25,7.3,25,3,*,**,Less receipt -CCL
,21 RAIL,UNCHAHAR($),1050,25,18.3,31,2,*,**,Less receipt-CCL BCCL
TOTAL OF THE REGION,18540,24,307.0,778,3,18,13
WESTERN REGION
CHHATTISGARH,22 RAIL,KORBA EAST V500,15,10.0,20,2,*,**,Less receipt-SECL
,23 P.H.,KORBA (East)440,15,8.3,94,11
,24 P.H. KORBA WEST,840,15,11.8,385,33
,25 P.H. KORBA STPS($),2100,15,32.7,778,24
,26 P.H. SIPAT STPS,1000,15,10.0,72,7
GUJARAT,27 RAIL GANDHI NAGAR,870,30,13.3,158,12
,28 RAIL SIKKA REP,240,30,3.7,77,21
,29 RAIL UKAI,850,30,10.6,54,5,*,Less receipt-SECL
,30 RAIL WANAKBORI,1470,30,22.0,76,3,*,**,Less receipt-SECL
,31 RAIL TORR POWER,390,30,5.7,11,2,*,**,Less receipt-SECL
M. P.,32 P.H. AMARKANTAK,500,15,5.3,100,19
,33 RAIL SANJAY GANDHI,1340,20,21.7,99,5,*,Less receipt-SECL
,34 P.H. SATPURA,1143,20,20.7,96,5,*,Less receipt
,35 P.H. VINDHYACHAL STP($),3260,15,51.7,0,0,*,**,Less receipt-CCL NCL
MAHARASHTRA 36 RAIL BHUSAWAL,475,25,8.7,5,1,*,**,Less receipt -WCL
,37 RAIL CHANDRAPUR,2340,20,36.5,43,1,*,**,Less receipt -WCL
,38 RAIL KHAPARKHEDA II,840,20,15.8,35,2,*,**,Less receipt
,39 RAIL KORADIH,1040,25,17.3,8,0,*,**,Less receipt-SECL MCL
,40 RAIL NASIK,880,25,15.0,25,2,*,**,Less receipt
,41 RAIL PARLI,920,25,13.2,66,5,*,Less receipt
,42 RAIL PARAS,305,20,5.7,60,11
,43 RAIL DAHANU,500,25,9.7,37,4,*,Less receipt-SECL
TOTAL OF THE REGION,22243,21,349.3,2299,7,14,9
siyaram/11/6/2008,1
REGION /,SL. MODE,NAME OF,CAPACITY,NORMATIVE,DAILY LINK-,ACTUAL STOCK,CRITICAL,REASONS FOR
STATE,NO. OF TRANS
,THERMAL POWER,IN MW,STOCK Reqd. AGE IN '000,IN 000,IN,COAL STOCK CRITICAL COAL
,PORT,STATION,(Days),TONNES,TONNES,DAYS <7days <4days STOCK
SOUTHERN REGION
A. P.,44 RAIL,Dr. N. TATA RAO,1260,25,20.0,8,0,*,**,Less receipt-MCL
,45 RAIL,KOTHAGUDEM,1180,20,15.8,11,1,*,**,Linkage < Demand
,46 ROAD RAMAGUNDEM"B",63,20,0.8,18,22
,47 RAIL,RAYALASEEMA,840,25,14.3,49,3,*,**,Less receipt
,48 P.H.,RAMAGUNDAM($),2600,15,40.7,357,9
,49 RAIL,SIMHADRI($),1000,25,20.0,69,3,*,**,Less receipt
KARNATAKA,50 RAIL,RAICHUR,1470,30,30.3,268,9
TAMIL NADU,51 I.M.,ENNORE,450,30,7.5,15,2,*,**,Less receipt-ECL MCL
,52 I.M.,METTUR,840,30,15.8,44,3,*,**,Less receipt
,53 I.M.,NORTH CHENNAI,630,30,13.2,53,4,*,Less receipt-ECL MCL
,54 I.M.,TUTICORIN,1050,30,18.5,49,3,*,**,Less receipt-ECL MCL
TOTAL OF THE REGION,11383,25,197.0,941,5,8,7
EASTERN REGION
BIHAR,55 RAIL,BARAUNI,320,20,1.0,18,18
,56 RAIL,220
,MUZAFFARPUR,20,1.0,8,8
,57 P.H. KAHALGAON($),1840,15,27.7,0,0,*,**,Less receipt-ECL
ORISSA,58 P.H. IB VALLEY TPS,420,15,5.3,40,8
,59 P.H. TALCHER TPS($),470,15,7.9,27,3,*,**,Linkage < Demand
,60 P.H. TALCHER STPS($),3000,15,60.0,33,1,*,**,Linkage < Demand
JHARKHAND,61 RAIL PATRATU,840,20,3.7,3,1,*,**,Less receipt-CCL
,62 ROAD TENUGHAT,420,20,3.7,0,0,*,**,Less receipt-CCL
,63 RAIL BOKARO"B" (DVC),630,20,8.3,18,2,*,**,Less receipt-CCL
,64 RAIL CHANDRAPURA(DVC),750,20,6.0,44,7
WEST BENGAL 65 RAIL DURGAPUR (DVC),340,20,8.7,45,5,*,Less receipt-ECL
,66 RAIL MEJIA,(DVC),1340,20,22.0,13,1,*,**,Unloading Constraint
,67 RAIL BAKRESHWAR,840,25,13.0,35,3,*,**,Less receipt-EMTA
,68 RAIL BANDEL,450,20,4.7,5,1,*,**,Less receipt-EMTA
,69 RAIL DURGAPUR (DPL),695,20,9.2,77,8
,70 RAIL KOLAGHAT,1260,25,18.3,94,5,*,Less receipt-ECL
,71 RAIL SAGARDIGHI,600,20,6.7,51,8
,72 RAIL SANTALDIH,730,20,6.8,68,10
,73 RAIL BUDGE BUDGE,500,20,7.5,43,6,*,Less receipt
,74 RAIL NEW COSSIPORE,160,20,1.3,13,10
,75 RAIL SOUTHERN REPL,135,25,2.5,14,6,*,Less receipt
,76 RAIL TITAGARH,240,20,3.8,4,1,*,**,Less receipt-ECL
,77 P.H. FARAKKA STPS($),1600,15,32.3,18,1,*,**,Less receipt-ECL
TOTAL OF THE REGION,17800,18,261,671,3,15,11
ALL INDIA TOTAL,69965,22,1114.7,4689,4,55,40
($) = NTPC,I.M. = INTER MODAL,P.H. = PITHEAD
(*) Critical i.e. stock < 7 days in,55,TPSs,(Includes super critical also)
(**) Super Critical i.e.stock < 4 days in,40,TPSs




siyaram/11/6/2008,2
,No.CEA/Plg/OM/1/42/2008
,CENTRAL
,CENTRAL,ELECTRICITY
,ELECTRICITY,AUTHORITY
,AUTHORITY
,OPERATION,MONITORING
,OPERATION,DIVISION
,MONITORING,DIVISION


,[,******* DAILY COAL REPORT

COAL STOCK POSITION AT VARIOUS THERMAL POWER STATIONS IN THE COUNTRY AS ON 06.11.2008
REGION /,SL. MODE NAME OF,CAPACITY NORMATIVE DAILY LINK-,ACTUAL STOCK,CRITICAL,REASONS FOR
STATE,NO. OF TRANS
,THERMAL POWER IN MW,STOCK Reqd. AGE IN '000 IN 000,IN COAL STOCK CRITICAL COAL
,PORT,STATION,(Days),TONNES,TONNES,DAYS <7days <4days STOCK
NORTHEN REGION
DELHI,1 RAIL,I.P. STATION,248,25,3.2,31,10
,2 RAIL,RAJGHAT,135,25,2.2,20,9
,3 RAIL,BADARPUR($),705,30,14.2,12,1,*,**,Less receipt -CCL
HARYANA,4 RAIL,FARIDABAD EXT,180,25,2.5,44,18
,5 RAIL,PANIPAT,1360,25,23.3,117,5,*,Less receipt-CCL
,6 RAIL,YAMUNA NAGAR,600,25,8.8,0,0,*,**,Less receipt -CCL
PUNJAB,7 RAIL,GHTP(LEH.MOH.),920,30,15.8,72,5,*,Less receipt
,8 RAIL,GNDTP(BATHINDA),440,30,8.2,29,4,*,Less receipt -CCL
,9 RAIL,ROPAR,1260,30,20.8,42,2,*,**,Less receipt -CCL
RAJASTHAN,10 RAIL,KOTA,1045,30,21.0,120,6,*,Less receipt-SECL
,11 RAIL,SURATGARH,1250,30,24.0,68,3,*,**,Less receipt-SECL
U . P.,12 P.H.,ANPARA,1630,15,25.8,66,3,*,**,Less receipt-NCL
,13 RAIL,HARDUAGANJ"B",225,25,2.8,19,7
,14 RAIL,OBRA,1362,20,15.3,25,2,*,**,Less receipt-CCL NCL
,15 RAIL,PANKI,210,30,3.3,3,1,*,**,Less receipt -CCL
,16 RAIL,PARICHHA,640,30,9.8,19,2,*,**,Less receipt -CCL
,17 RAIL,DADRI(NCPP)($),840,30,14.2,56,4,*,Less receipt -CCL
,18 P.H.,RIHAND STPS($),2000,15,34.0,5,0,*,**,Less receipt-NCL
,19 P.H.,SINGRAULI STPS($),2000,15,32.0,0,0,*,**,Linkage < Demand
,20 RAIL,TANDA($),440,25,7.3,26,4,*,Less receipt -CCL
,21 RAIL,UNCHAHAR($),1050,25,18.3,39,2,*,**,Less receipt-CCL BCCL
TOTAL OF THE REGION,18540,24,307.0,813,3,17,11
WESTERN REGION
CHHATTISGARH,22 RAIL,KORBA EAST V500,15,10.0,19,2,*,**,Less receipt-SECL
,23 P.H.,KORBA (East)440,15,8.3,94,11
,24 P.H. KORBA WEST,840,15,11.8,384,32
,25 P.H. KORBA STPS($),2100,15,32.7,778,24
,26 P.H. SIPAT STPS,1000,15,10.0,76,8
GUJARAT,27 RAIL GANDHI NAGAR,870,30,13.3,154,12
,28 RAIL SIKKA REP,240,30,3.7,69,19
,29 RAIL UKAI,850,30,10.6,53,5,*,Less receipt-SECL
,30 RAIL WANAKBORI,1470,30,22.0,66,3,*,**,Less receipt-SECL
,31 RAIL TORR POWER,390,30,5.7,14,2,*,**,Less receipt-SECL
M. P.,32 P.H. AMARKANTAK,500,15,5.3,101,19
,33 RAIL SANJAY GANDHI,1340,20,21.7,98,5,*,Less receipt-SECL
,34 P.H. SATPURA,1143,20,20.7,89,4,*,Less receipt
,35 P.H. VINDHYACHAL STP($),3260,15,51.7,0,0,*,**,Less receipt-CCL NCL
MAHARASHTRA 36 RAIL BHUSAWAL,475,25,8.7,9,1,*,**,Less receipt -WCL
,37 RAIL CHANDRAPUR,2340,20,36.5,41,1,*,**,Less receipt -WCL
,38 RAIL KHAPARKHEDA II,840,20,15.8,31,2,*,**,Less receipt
,39 RAIL KORADIH,1040,25,17.3,7,0,*,**,Less receipt-SECL MCL
,40 RAIL NASIK,880,25,15.0,28,2,*,**,Less receipt
,41 RAIL PARLI,920,25,13.2,72,5,*,Less receipt
,42 RAIL PARAS,305,20,5.7,64,11
,43 RAIL DAHANU,500,25,9.7,37,4,*,Less receipt-SECL
TOTAL OF THE REGION,22243,21,349.3,2284,7,14,9
siyaram/11/7/2008,1
REGION /,SL. MODE,NAME OF,CAPACITY,NORMATIVE,DAILY LINK-,ACTUAL STOCK,CRITICAL,REASONS FOR
STATE,NO. OF TRANS
,THERMAL POWER,IN MW,STOCK Reqd. AGE IN '000,IN 000,IN,COAL STOCK CRITICAL COAL
,PORT,STATION,(Days),TONNES,TONNES,DAYS <7days <4days STOCK
SOUTHERN REGION
A. P.,44 RAIL,Dr. N. TATA RAO,1260,25,20.0,8,0,*,**,Less receipt-MCL
,45 RAIL,KOTHAGUDEM,1180,20,15.8,6,0,*,**,Linkage < Demand
,46 ROAD RAMAGUNDEM"B",63,20,0.8,18,22
,47 RAIL,RAYALASEEMA,840,25,14.3,51,4,*,Less receipt
,48 P.H.,RAMAGUNDAM($),2600,15,40.7,360,9
,49 RAIL,SIMHADRI($),1000,25,20.0,66,3,*,**,Less receipt
KARNATAKA,50 RAIL,RAICHUR,1470,30,30.3,279,9
TAMIL NADU,51 I.M.,ENNORE,450,30,7.5,14,2,*,**,Less receipt-ECL MCL
,52 I.M.,METTUR,840,30,15.8,39,2,*,**,Less receipt
,53 I.M.,NORTH CHENNAI,630,30,13.2,51,4,*,Less receipt-ECL MCL
,54 I.M.,TUTICORIN,1050,30,18.5,44,2,*,**,Less receipt-ECL MCL
TOTAL OF THE REGION,11383,25,197.0,936,5,8,6
EASTERN REGION
BIHAR,55 RAIL,BARAUNI,320,20,1.0,18,18
,56 RAIL,220
,MUZAFFARPUR,20,1.0,8,8
,57 P.H. KAHALGAON($),1840,15,27.7,0,0,*,**,Less receipt-ECL
ORISSA,58 P.H. IB VALLEY TPS,420,15,5.3,44,8
,59 P.H. TALCHER TPS($),470,15,7.9,26,3,*,**,Linkage < Demand
,60 P.H. TALCHER STPS($),3000,15,60.0,35,1,*,**,Linkage < Demand
JHARKHAND,61 RAIL PATRATU,840,20,3.7,3,1,*,**,Less receipt-CCL
,62 ROAD TENUGHAT,420,20,3.7,0,0,*,**,Less receipt-CCL
,63 RAIL BOKARO"B" (DVC),630,20,8.3,26,3,*,**,Less receipt-CCL
,64 RAIL CHANDRAPURA(DVC),750,20,6.0,42,7
WEST BENGAL 65 RAIL DURGAPUR (DVC),340,20,8.7,44,5,*,Less receipt-ECL
,66 RAIL MEJIA,(DVC),1340,20,22.0,7,0,*,**,Unloading Constraint
,67 RAIL BAKRESHWAR,840,25,13.0,40,3,*,**,Less receipt-EMTA
,68 RAIL BANDEL,450,20,4.7,3,1,*,**,Less receipt-EMTA
,69 RAIL DURGAPUR (DPL),695,20,9.2,78,9
,70 RAIL KOLAGHAT,1260,25,18.3,88,5,*,Less receipt-ECL
,71 RAIL SAGARDIGHI,600,20,6.7,53,8
,72 RAIL SANTALDIH,730,20,6.8,67,10
,73 RAIL BUDGE BUDGE,500,20,7.5,44,6,*,Less receipt
,74 RAIL NEW COSSIPORE,160,20,1.3,12,9
,75 RAIL SOUTHERN REPL,135,25,2.5,16,6,*,Less receipt
,76 RAIL TITAGARH,240,20,3.8,8,2,*,**,Less receipt-ECL
,77 P.H. FARAKKA STPS($),1600,15,32.3,14,0,*,**,Less receipt-ECL
TOTAL OF THE REGION,17800,18,261,676,3,15,11
ALL INDIA TOTAL,69965,22,1114.7,4709,4,54,37
($) = NTPC,I.M. = INTER MODAL,P.H. = PITHEAD
(*) Critical i.e. stock < 7 days in,54,TPSs,(Includes super critical also)
(**) Super Critical i.e.stock < 4 days in,37,TPSs




siyaram/11/7/2008,2
,No.CEA/Plg/OM/1/42/2008
,CENTRAL
,CENTRAL,ELECTRICITY
,ELECTRICITY,AUTHORITY
,AUTHORITY
,OPERATION,MONITORING
,OPERATION,DIVISION
,MONITORING,DIVISION


,[,******* DAILY COAL REPORT

COAL STOCK POSITION AT VARIOUS THERMAL POWER STATIONS IN THE COUNTRY AS ON 09.11.2008
REGION /,SL. MODE NAME OF,CAPACITY NORMATIVE DAILY LINK-,ACTUAL STOCK,CRITICAL,REASONS FOR
STATE,NO. OF TRANS
,THERMAL POWER IN MW,STOCK Reqd. AGE IN '000 IN 000,IN COAL STOCK CRITICAL COAL
,PORT,STATION,(Days),TONNES,TONNES,DAYS <7days <4days STOCK
NORTHEN REGION
DELHI,1 RAIL,I.P. STATION,248,25,3.2,36,11
,2 RAIL,RAJGHAT,135,25,2.2,26,12
,3 RAIL,BADARPUR($),705,30,14.2,49,3,*,**,Less receipt -CCL
HARYANA,4 RAIL,FARIDABAD EXT,180,25,2.5,45,18
,5 RAIL,PANIPAT,1360,25,23.3,107,5,*,Less receipt-CCL
,6 RAIL,YAMUNA NAGAR,600,25,8.8,0,0,*,**,Less receipt -CCL
PUNJAB,7 RAIL,GHTP(LEH.MOH.),920,30,15.8,79,5,*,Less receipt
,8 RAIL,GNDTP(BATHINDA),440,30,8.2,28,3,*,**,Less receipt -CCL
,9 RAIL,ROPAR,1260,30,20.8,47,2,*,**,Less receipt -CCL
RAJASTHAN,10 RAIL,KOTA,1045,30,21.0,131,6,*,Less receipt-SECL
,11 RAIL,SURATGARH,1250,30,24.0,54,2,*,**,Less receipt-SECL
U . P.,12 P.H.,ANPARA,1630,15,25.8,64,2,*,**,Less receipt-NCL
,13 RAIL,HARDUAGANJ"B",225,25,2.8,17,6,*,Less receipt -CCL
,14 RAIL,OBRA,1362,20,15.3,25,2,*,**,Less receipt-CCL NCL
,15 RAIL,PANKI,210,30,3.3,0,0,*,**,Less receipt -CCL
,16 RAIL,PARICHHA,640,30,9.8,16,2,*,**,Less receipt -CCL
,17 RAIL,DADRI(NCPP)($),840,30,14.2,63,4,*,Less receipt -CCL
,18 P.H.,RIHAND STPS($),2000,15,34.0,6,0,*,**,Less receipt-NCL
,19 P.H.,SINGRAULI STPS($),2000,15,32.0,0,0,*,**,Linkage < Demand
,20 RAIL,TANDA($),440,25,7.3,17,2,*,**,Less receipt -CCL
,21 RAIL,UNCHAHAR($),1050,25,18.3,56,3,*,**,Less receipt-CCL BCCL
TOTAL OF THE REGION,18540,24,307.0,866,3,18,13
WESTERN REGION
CHHATTISGARH,22 RAIL,500
,KORBA EAST V,15,10.0,16,2,*,**,Less receipt-SECL
,23 P.H.,440
,KORBA (East),15,8.3,100,12
,24 P.H. KORBA WEST,840,15,11.8,377,32
,25 P.H. KORBA STPS($),2100,15,32.7,778,24
,26 P.H. SIPAT STPS,1000,15,10.0,76,8
GUJARAT,27 RAIL GANDHI NAGAR,870,30,13.3,149,11
,28 RAIL SIKKA REP,240,30,3.7,70,19
,29 RAIL UKAI,850,30,10.6,47,4,*,Less receipt-SECL
,30 RAIL WANAKBORI,1470,30,22.0,82,4,*,Less receipt-SECL
,31 RAIL TORR POWER,390,30,5.7,11,2,*,**,Less receipt-SECL
M. P.,32 P.H. AMARKANTAK,500,15,5.3,100,19
,33 RAIL SANJAY GANDHI,1340,20,21.7,106,5,*,Less receipt-SECL
,34 P.H. SATPURA,1143,20,20.7,106,5,*,Less receipt
,35 P.H. VINDHYACHAL STP($),3260,15,51.7,0,0,*,**,Less receipt-CCL NCL
MAHARASHTRA 36 RAIL BHUSAWAL,475,25,8.7,16,2,*,**,Less receipt -WCL
,37 RAIL CHANDRAPUR,2340,20,36.5,47,1,*,**,Less receipt -WCL
,38 RAIL KHAPARKHEDA II,840,20,15.8,32,2,*,**,Less receipt
,39 RAIL KORADIH,1040,25,17.3,12,1,*,**,Less receipt-SECL MCL
,40 RAIL NASIK,880,25,15.0,29,2,*,**,Less receipt
,41 RAIL PARLI,920,25,13.2,84,6,*,Less receipt
,42 RAIL PARAS,305,20,5.7,61,11
,43 RAIL DAHANU,500,25,9.7,26,3,*,**,Less receipt-SECL
TOTAL OF THE REGION,22243,21,349.3,2325,7,14,9
siyaram/11/10/2008,1
REGION /,SL. MODE,NAME OF,CAPACITY,NORMATIVE,DAILY LINK-,ACTUAL STOCK,CRITICAL,REASONS FOR
STATE,NO. OF TRANS
,THERMAL POWER,IN MW,STOCK Reqd. AGE IN '000,IN 000,IN,COAL STOCK CRITICAL COAL
,PORT,STATION,(Days),TONNES,TONNES,DAYS <7days <4days STOCK
SOUTHERN REGION
A. P.,44 RAIL,Dr. N. TATA RAO,1260,25,20.0,29,1,*,**,Less receipt-MCL
,45 RAIL,KOTHAGUDEM,1180,20,15.8,11,1,*,**,Linkage < Demand
,46 ROAD RAMAGUNDEM"B",63,20,0.8,18,22
,47 RAIL,RAYALASEEMA,840,25,14.3,59,4,*,Less receipt
,48 P.H.,RAMAGUNDAM($),2600,15,40.7,359,9
,49 RAIL,SIMHADRI($),1000,25,20.0,73,4,*,Less receipt
KARNATAKA,50 RAIL,RAICHUR,1470,30,30.3,300,10
TAMIL NADU,51 I.M.,ENNORE,450,30,7.5,11,1,*,**,Less receipt-ECL MCL
,52 I.M.,METTUR,840,30,15.8,25,2,*,**,Less receipt
,53 I.M.,NORTH CHENNAI,630,30,13.2,65,5,*,Less receipt-ECL MCL
,54 I.M.,TUTICORIN,1050,30,18.5,27,1,*,**,Less receipt-ECL MCL
TOTAL OF THE REGION,11383,25,197.0,977,5,8,5
EASTERN REGION
BIHAR,55 RAIL,BARAUNI 320,20,1.0,18,18
,56 RAIL,220
,MUZAFFARPUR,20,1.0,8,8
,57 P.H. KAHALGAON($),1840,15,27.7,0,0,*,**,Less receipt-ECL
ORISSA,58 P.H. IB VALLEY TPS,420,15,5.3,44,8
,59 P.H. TALCHER TPS($),470,15,7.9,27,3,*,**,Linkage < Demand
,60 P.H. TALCHER STPS($),3000,15,60.0,31,1,*,**,Linkage < Demand
JHARKHAND,61 RAIL PATRATU,840,20,3.7,3,1,*,**,Less receipt-CCL
,62 ROAD TENUGHAT,420,20,3.7,10,3,*,**,Less receipt-CCL
,63 RAIL BOKARO"B" (DVC),630,20,8.3,23,3,*,**,Less receipt-CCL
,64 RAIL CHANDRAPURA(DVC),750,20,6.0,38,6,*,Less receipt
WEST BENGAL 65 RAIL DURGAPUR (DVC),340,20,8.7,46,5,*,Less receipt-ECL
,66 RAIL MEJIA,(DVC),1340,20,22.0,14,1,*,**,Unloading Constraint
,67 RAIL BAKRESHWAR,840,25,13.0,51,4,*,Less receipt-EMTA
,68 RAIL BANDEL,450,20,4.7,0,0,*,**,Less receipt-EMTA
,69 RAIL DURGAPUR (DPL),695,20,9.2,66,7
,70 RAIL KOLAGHAT,1260,25,18.3,89,5,*,Less receipt-ECL
,71 RAIL SAGARDIGHI,600,20,6.7,47,7
,72 RAIL SANTALDIH,730,20,6.8,63,9
,73 RAIL BUDGE BUDGE,500,20,7.5,43,6,*,Less receipt
,74 RAIL NEW COSSIPORE,160,20,1.3,13,10
,75 RAIL SOUTHERN REPL,135,25,2.5,20,8
,76 RAIL TITAGARH,240,20,3.8,9,2,*,**,Less receipt-ECL
,77 P.H. FARAKKA STPS($),1600,15,32.3,7,0,*,**,Less receipt-ECL
TOTAL OF THE REGION,17800,18,261,670,3,15,10
ALL INDIA TOTAL,69965,22,1114.7,4838,4,55,37
($) = NTPC,I.M. = INTER MODAL,P.H. = PITHEAD
(*) Critical i.e. stock < 7 days in,55,TPSs,(Includes super critical also)
(**) Super Critical i.e.stock < 4 days in,37,TPSs




siyaram/11/10/2008,2
,No.CEA/Plg/OM/1/42/2008
,CENTRAL
,CENTRAL,ELECTRICITY
,ELECTRICITY,AUTHORITY
,AUTHORITY
,OPERATION,MONITORING
,OPERATION,DIVISION
,MONITORING,DIVISION


,[,******* DAILY COAL REPORT

COAL STOCK POSITION AT VARIOUS THERMAL POWER STATIONS IN THE COUNTRY AS ON 10.11.2008
REGION /,SL. MODE NAME OF,CAPACITY NORMATIVE DAILY LINK-,ACTUAL STOCK,CRITICAL,REASONS FOR
STATE,NO. OF TRANS
,THERMAL POWER IN MW,STOCK Reqd. AGE IN '000 IN 000,IN COAL STOCK CRITICAL COAL
,PORT,STATION,(Days),TONNES,TONNES,DAYS <7days <4days STOCK
NORTHEN REGION
DELHI,1 RAIL,I.P. STATION,248,25,3.2,35,11
,2 RAIL,RAJGHAT,135,25,2.2,26,12
,3 RAIL,BADARPUR($),705,30,14.2,48,3,*,**,Less receipt -CCL
HARYANA,4 RAIL,FARIDABAD EXT,180,25,2.5,47,19
,5 RAIL,PANIPAT,1360,25,23.3,107,5,*,Less receipt-CCL
,6 RAIL,YAMUNA NAGAR,600,25,8.8,0,0,*,**,Less receipt -CCL
PUNJAB,7 RAIL,GHTP(LEH.MOH.),920,30,15.8,76,5,*,Less receipt
,8 RAIL,GNDTP(BATHINDA),440,30,8.2,33,4,*,Less receipt -CCL
,9 RAIL,ROPAR,1260,30,20.8,47,2,*,**,Less receipt -CCL
RAJASTHAN,10 RAIL,KOTA,1045,30,21.0,134,6,*,Less receipt-SECL
,11 RAIL,SURATGARH,1250,30,24.0,54,2,*,**,Less receipt-SECL
U . P.,12 P.H.,ANPARA,1630,15,25.8,65,3,*,**,Less receipt-NCL
,13 RAIL,HARDUAGANJ"B",225,25,2.8,15,5,*,Less receipt -CCL
,14 RAIL,OBRA,1362,20,15.3,30,2,*,**,Less receipt-CCL NCL
,15 RAIL,PANKI,210,30,3.3,0,0,*,**,Less receipt -CCL
,16 RAIL,PARICHHA,640,30,9.8,18,2,*,**,Less receipt -CCL
,17 RAIL,DADRI(NCPP)($),840,30,14.2,61,4,*,Less receipt -CCL
,18 P.H.,RIHAND STPS($),2000,15,34.0,12,0,*,**,Less receipt-NCL
,19 P.H.,SINGRAULI STPS($),2000,15,32.0,2,0,*,**,Linkage < Demand
,20 RAIL,TANDA($),440,25,7.3,23,3,*,**,Less receipt -CCL
,21 RAIL,UNCHAHAR($),1050,25,18.3,49,3,*,**,Less receipt-CCL BCCL
TOTAL OF THE REGION,18540,24,307.0,882,3,18,12
WESTERN REGION
CHHATTISGARH,22 RAIL,500
,KORBA EAST V,15,10.0,15,2,*,**,Less receipt-SECL
,23 P.H.,440
,KORBA (East),15,8.3,102,12
,24 P.H. KORBA WEST,840,15,11.8,378,32
,25 P.H. KORBA STPS($),2100,15,32.7,775,24
,26 P.H. SIPAT STPS,1000,15,10.0,75,8
GUJARAT,27 RAIL GANDHI NAGAR,870,30,13.3,143,11
,28 RAIL SIKKA REP,240,30,3.7,67,18
,29 RAIL UKAI,850,30,10.6,50,5,*,Less receipt-SECL
,30 RAIL WANAKBORI,1470,30,22.0,92,4,*,Less receipt-SECL
,31 RAIL TORR POWER,390,30,5.7,7,1,*,**,Less receipt-SECL
M. P.,32 P.H. AMARKANTAK,500,15,5.3,100,19
,33 RAIL SANJAY GANDHI,1340,20,21.7,102,5,*,Less receipt-SECL
,34 P.H. SATPURA,1143,20,20.7,108,5,*,Less receipt
,35 P.H. VINDHYACHAL STP($),3260,15,51.7,5,0,*,**,Less receipt-CCL NCL
MAHARASHTRA 36 RAIL BHUSAWAL,475,25,8.7,18,2,*,**,Less receipt -WCL
,37 RAIL CHANDRAPUR,2340,20,36.5,48,1,*,**,Less receipt -WCL
,38 RAIL KHAPARKHEDA II,840,20,15.8,31,2,*,**,Less receipt
,39 RAIL KORADIH,1040,25,17.3,10,1,*,**,Less receipt-SECL MCL
,40 RAIL NASIK,880,25,15.0,30,2,*,**,Less receipt
,41 RAIL PARLI,920,25,13.2,90,7
,42 RAIL PARAS,305,20,5.7,61,11
,43 RAIL DAHANU,500,25,9.7,26,3,*,**,Less receipt-SECL
TOTAL OF THE REGION,22243,21,349.3,2333,7,13,9
siyaram/11/11/2008,1
REGION /,SL. MODE,NAME OF,CAPACITY,NORMATIVE,DAILY LINK-,ACTUAL STOCK,CRITICAL,REASONS FOR
STATE,NO. OF TRANS
,THERMAL POWER,IN MW,STOCK Reqd. AGE IN '000,IN 000,IN,COAL STOCK CRITICAL COAL
,PORT,STATION,(Days),TONNES,TONNES,DAYS <7days <4days STOCK
SOUTHERN REGION
A. P.,44 RAIL,Dr. N. TATA RAO,1260,25,20.0,34,2,*,**,Less receipt-MCL
,45 RAIL,KOTHAGUDEM,1180,20,15.8,16,1,*,**,Linkage < Demand
,46 ROAD RAMAGUNDEM"B",63,20,0.8,17,20
,47 RAIL,RAYALASEEMA,840,25,14.3,63,4,*,Less receipt
,48 P.H.,RAMAGUNDAM($),2600,15,40.7,357,9
,49 RAIL,SIMHADRI($),1000,25,20.0,81,4,*,Less receipt
KARNATAKA,50 RAIL,RAICHUR,1470,30,30.3,307,10
TAMIL NADU,51 I.M.,ENNORE,450,30,7.5,8,1,*,**,Less receipt-ECL MCL
,52 I.M.,METTUR,840,30,15.8,28,2,*,**,Less receipt
,53 I.M.,NORTH CHENNAI,630,30,13.2,54,4,*,Less receipt-ECL MCL
,54 I.M.,TUTICORIN,1050,30,18.5,26,1,*,**,Less receipt-ECL MCL
TOTAL OF THE REGION,11383,25,197.0,991,5,8,5
EASTERN REGION
BIHAR,55 RAIL,BARAUNI 320,20,1.0,18,18
,56 RAIL,220
,MUZAFFARPUR,20,1.0,8,8
,57 P.H. KAHALGAON($),1840,15,27.7,0,0,*,**,Less receipt-ECL
ORISSA,58 P.H. IB VALLEY TPS,420,15,5.3,50,9
,59 P.H. TALCHER TPS($),470,15,7.9,25,3,*,**,Linkage < Demand
,60 P.H. TALCHER STPS($),3000,15,60.0,30,1,*,**,Linkage < Demand
JHARKHAND,61 RAIL PATRATU,840,20,3.7,3,1,*,**,Less receipt-CCL
,62 ROAD TENUGHAT,420,20,3.7,10,3,*,**,Less receipt-CCL
,63 RAIL BOKARO"B" (DVC),630,20,8.3,25,3,*,**,Less receipt-CCL
,64 RAIL CHANDRAPURA(DVC),750,20,6.0,38,6,*,Less receipt
WEST BENGAL 65 RAIL DURGAPUR (DVC),340,20,8.7,44,5,*,Less receipt-ECL
,66 RAIL MEJIA,(DVC),1340,20,22.0,13,1,*,**,Unloading Constraint
,67 RAIL BAKRESHWAR,840,25,13.0,53,4,*,Less receipt-EMTA
,68 RAIL BANDEL,450,20,4.7,0,0,*,**,Less receipt-EMTA
,69 RAIL DURGAPUR (DPL),695,20,9.2,70,8
,70 RAIL KOLAGHAT,1260,25,18.3,95,5,*,Less receipt-ECL
,71 RAIL SAGARDIGHI,600,20,6.7,41,6,*,Less receipt-ECL
,72 RAIL SANTALDIH,730,20,6.8,62,9
,73 RAIL BUDGE BUDGE,500,20,7.5,50,7
,74 RAIL NEW COSSIPORE,160,20,1.3,15,11
,75 RAIL SOUTHERN REPL,135,25,2.5,17,7
,76 RAIL TITAGARH,240,20,3.8,10,3,*,**,Less receipt-ECL
,77 P.H. FARAKKA STPS($),1600,15,32.3,4,0,*,**,Less receipt-ECL
TOTAL OF THE REGION,17800,18,261,681,3,15,10
ALL INDIA TOTAL,69965,22,1114.7,4887,4,54,36
($) = NTPC,I.M. = INTER MODAL,P.H. = PITHEAD
(*) Critical i.e. stock < 7 days in,54,TPSs,(Includes super critical also)
(**) Super Critical i.e.stock < 4 days in,36,TPSs




siyaram/11/11/2008,2
,No.CEA/Plg/OM/1/42/2008
,CENTRAL
,CENTRAL,ELECTRICITY
,ELECTRICITY,AUTHORITY
,AUTHORITY
,OPERATION,MONITORING
,OPERATION,DIVISION
,MONITORING,DIVISION


,[,******* DAILY COAL REPORT

COAL STOCK POSITION AT VARIOUS THERMAL POWER STATIONS IN THE COUNTRY AS ON 11.11.2008
REGION /,SL. MODE NAME OF,CAPACITY NORMATIVE DAILY LINK-,ACTUAL STOCK,CRITICAL,REASONS FOR
STATE,NO. OF TRANS
,THERMAL POWER IN MW,STOCK Reqd. AGE IN '000 IN 000,IN COAL STOCK CRITICAL COAL
,PORT,STATION,(Days),TONNES,TONNES,DAYS <7days <4days STOCK
NORTHEN REGION
DELHI,1 RAIL,I.P. STATION,248,25,3.2,37,12
,2 RAIL,RAJGHAT,135,25,2.2,28,13
,3 RAIL,BADARPUR($),705,30,14.2,45,3,*,**,Less receipt -CCL
HARYANA,4 RAIL,FARIDABAD EXT,180,25,2.5,46,18
,5 RAIL,PANIPAT,1360,25,23.3,92,4,*,Less receipt-CCL
,6 RAIL,YAMUNA NAGAR,600,25,8.8,0,0,*,**,Less receipt -CCL
PUNJAB,7 RAIL,GHTP(LEH.MOH.),920,30,15.8,78,5,*,Less receipt
,8 RAIL,GNDTP(BATHINDA),440,30,8.2,30,4,*,Less receipt -CCL
,9 RAIL,ROPAR,1260,30,20.8,44,2,*,**,Less receipt -CCL
RAJASTHAN,10 RAIL,KOTA,1045,30,21.0,128,6,*,Less receipt-SECL
,11 RAIL,SURATGARH,1250,30,24.0,52,2,*,**,Less receipt-SECL
U . P.,12 P.H.,ANPARA,1630,15,25.8,71,3,*,**,Less receipt-NCL
,13 RAIL,HARDUAGANJ"B",225,25,2.8,17,6,*,Less receipt -CCL
,14 RAIL,OBRA,1362,20,15.3,46,3,*,**,Less receipt-CCL NCL
,15 RAIL,PANKI,210,30,3.3,3,1,*,**,Less receipt -CCL
,16 RAIL,PARICHHA,640,30,9.8,19,2,*,**,Less receipt -CCL
,17 RAIL,DADRI(NCPP)($),840,30,14.2,58,4,*,Less receipt -CCL
,18 P.H.,RIHAND STPS($),2000,15,34.0,6,0,*,**,Less receipt-NCL
,19 P.H.,SINGRAULI STPS($),2000,15,32.0,11,0,*,**,Linkage < Demand
,20 RAIL,TANDA($),440,25,7.3,19,3,*,**,Less receipt -CCL
,21 RAIL,UNCHAHAR($),1050,25,18.3,54,3,*,**,Less receipt-CCL BCCL
TOTAL OF THE REGION,18540,24,307.0,884,3,18,12
WESTERN REGION
CHHATTISGARH,22 RAIL,500
,KORBA EAST V,15,10.0,14,1,*,**,Less receipt-SECL
,23 P.H.,440
,KORBA (East),15,8.3,102,12
,24 P.H. KORBA WEST,840,15,11.8,375,32
,25 P.H. KORBA STPS($),2100,15,32.7,772,24
,26 P.H. SIPAT STPS,1000,15,10.0,77,8
GUJARAT,27 RAIL GANDHI NAGAR,870,30,13.3,136,10
,28 RAIL SIKKA REP,240,30,3.7,65,18
,29 RAIL UKAI,850,30,10.6,47,4,*,Less receipt-SECL
,30 RAIL WANAKBORI,1470,30,22.0,87,4,*,Less receipt-SECL
,31 RAIL TORR POWER,390,30,5.7,7,1,*,**,Less receipt-SECL
M. P.,32 P.H. AMARKANTAK,500,15,5.3,100,19
,33 RAIL SANJAY GANDHI,1340,20,21.7,101,5,*,Less receipt-SECL
,34 P.H. SATPURA,1143,20,20.7,105,5,*,Less receipt
,35 P.H. VINDHYACHAL STP($),3260,15,51.7,7,0,*,**,Less receipt-CCL NCL
MAHARASHTRA 36 RAIL BHUSAWAL,475,25,8.7,17,2,*,**,Inadequate linkage
,37 RAIL CHANDRAPUR,2340,20,36.5,46,1,*,**,Inadequate linkage
,38 RAIL KHAPARKHEDA II,840,20,15.8,34,2,*,**,Inadequate linkage
,39 RAIL KORADIH,1040,25,17.3,10,1,*,**,Less receipt-SECL MCL
,40 RAIL NASIK,880,25,15.0,36,2,*,**,Less import
,41 RAIL PARLI,920,25,13.2,91,7
,42 RAIL PARAS,305,20,5.7,62,11
,43 RAIL DAHANU,500,25,9.7,23,2,*,**,Less receipt-SECL
TOTAL OF THE REGION,22243,21,349.3,2314,7,13,9
siyaram/11/14/2008,1
REGION /,SL. MODE,NAME OF,CAPACITY,NORMATIVE,DAILY LINK-,ACTUAL STOCK,CRITICAL,REASONS FOR
STATE,NO. OF TRANS
,THERMAL POWER,IN MW,STOCK Reqd. AGE IN '000,IN 000,IN,COAL STOCK CRITICAL COAL
,PORT,STATION,(Days),TONNES,TONNES,DAYS <7days <4days STOCK
SOUTHERN REGION
A. P.,44 RAIL,Dr. N. TATA RAO,1260,25,20.0,41,2,*,**,Less receipt-MCL
,45 RAIL,KOTHAGUDEM,1180,20,15.8,17,1,*,**,Linkage < Demand
,46 ROAD RAMAGUNDEM"B",63,20,0.8,17,20
,47 RAIL,RAYALASEEMA,840,25,14.3,67,5,*,Less receipt
,48 P.H.,RAMAGUNDAM($),2600,15,40.7,357,9
,49 RAIL,SIMHADRI($),1000,25,20.0,82,4,*,Less receipt
KARNATAKA,50 RAIL,RAICHUR,1470,30,30.3,315,10
TAMIL NADU,51 I.M.,ENNORE,450,30,7.5,11,1,*,**,Less receipt-ECL MCL
,52 I.M.,METTUR,840,30,15.8,28,2,*,**,Less receipt
,53 I.M.,NORTH CHENNAI,630,30,13.2,42,3,*,**,Less receipt-ECL MCL
,54 I.M.,TUTICORIN,1050,30,18.5,24,1,*,**,Less receipt-ECL MCL
TOTAL OF THE REGION,11383,25,197.0,1001,5,8,6
EASTERN REGION
BIHAR,55 RAIL,BARAUNI 320,20,1.0,18,18
,56 RAIL,220
,MUZAFFARPUR,20,1.0,8,8
,57 P.H. KAHALGAON($),1840,15,27.7,0,0,*,**,Less receipt-ECL
ORISSA,58 P.H. IB VALLEY TPS,420,15,5.3,53,10
,59 P.H. TALCHER TPS($),470,15,7.9,25,3,*,**,Linkage < Demand
,60 P.H. TALCHER STPS($),3000,15,60.0,26,0,*,**,Linkage < Demand
JHARKHAND,61 RAIL PATRATU,840,20,3.7,13,4,*,Less receipt-CCL
,62 ROAD TENUGHAT,420,20,3.7,9,2,*,**,Less receipt-CCL
,63 RAIL BOKARO"B" (DVC),630,20,8.3,30,4,*,Less receipt-CCL
,64 RAIL CHANDRAPURA(DVC),750,20,6.0,37,6,*,Less receipt
WEST BENGAL 65 RAIL DURGAPUR (DVC),340,20,8.7,55,6,*,Less receipt-ECL
,66 RAIL MEJIA,(DVC),1340,20,22.0,19,1,*,**,Unloading Constraint
,67 RAIL BAKRESHWAR,840,25,13.0,60,5,*,Less receipt-EMTA
,68 RAIL BANDEL,450,20,4.7,0,0,*,**,Less receipt-EMTA
,69 RAIL DURGAPUR (DPL),695,20,9.2,72,8
,70 RAIL KOLAGHAT,1260,25,18.3,88,5,*,Less receipt-ECL
,71 RAIL SAGARDIGHI,600,20,6.7,35,5,*,Less receipt-EMTA
,72 RAIL SANTALDIH,730,20,6.8,67,10
,73 RAIL BUDGE BUDGE,500,20,7.5,53,7
,74 RAIL NEW COSSIPORE,160,20,1.3,14,11
,75 RAIL SOUTHERN REPL,135,25,2.5,15,6,*,Less receipt
,76 RAIL TITAGARH,240,20,3.8,10,3,*,**,Less receipt-ECL
,77 P.H. FARAKKA STPS($),1600,15,32.3,12,0,*,**,Less receipt-ECL
TOTAL OF THE REGION,17800,18,261,719,3,16,8
ALL INDIA TOTAL,69965,22,1114.7,4918,4,55,35
($) = NTPC,I.M. = INTER MODAL,P.H. = PITHEAD
(*) Critical i.e. stock < 7 days in,55,TPSs,(Includes super critical also)
(**) Super Critical i.e.stock < 4 days in,35,TPSs




siyaram/11/14/2008,2
,No.CEA/Plg/OM/1/42/2008
,CENTRAL
,CENTRAL,ELECTRICITY
,ELECTRICITY,AUTHORITY
,AUTHORITY
,OPERATION,MONITORING
,OPERATION,DIVISION
,MONITORING,DIVISION


,[,******* DAILY COAL REPORT

COAL STOCK POSITION AT VARIOUS THERMAL POWER STATIONS IN THE COUNTRY AS ON 16.11.2008
REGION /,SL. MODE NAME OF,CAPACITY NORMATIVE DAILY LINK-,ACTUAL STOCK,CRITICAL,REASONS FOR
STATE,NO. OF TRANS
,THERMAL POWER IN MW,STOCK Reqd. AGE IN '000 IN 000,IN COAL STOCK CRITICAL COAL
,PORT,STATION,(Days),TONNES,TONNES,DAYS <7days <4days STOCK
NORTHEN REGION
DELHI,1 RAIL,I.P. STATION,248,25,3.2,38,12
,2 RAIL,RAJGHAT,135,25,2.2,28,13
,3 RAIL,BADARPUR($),705,30,14.2,42,3,*,**,Less receipt -CCL
HARYANA,4 RAIL,FARIDABAD EXT,180,25,2.5,52,21
,5 RAIL,PANIPAT,1360,25,23.3,41,2,*,**,Less receipt-CCL
,6 RAIL,YAMUNA NAGAR,600,25,8.8,0,0,*,**,Less receipt -CCL
PUNJAB,7 RAIL,GHTP(LEH.MOH.),920,30,15.8,56,4,*,Less receipt
,8 RAIL,GNDTP(BATHINDA),440,30,8.2,24,3,*,**,Less receipt -CCL
,9 RAIL,ROPAR,1260,30,20.8,50,2,*,**,Less receipt -CCL
RAJASTHAN,10 RAIL,KOTA,1045,30,21.0,181,9
,11 RAIL,SURATGARH,1250,30,24.0,46,2,*,**,Less receipt-SECL
U . P.,12 P.H.,ANPARA,1630,15,25.8,91,4,*,Less receipt-NCL
,13 RAIL,HARDUAGANJ"B",225,25,2.8,11,4,*,Less receipt -CCL
,14 RAIL,OBRA,1362,20,15.3,59,4,*,Less receipt-CCL NCL
,15 RAIL,PANKI,210,30,3.3,0,0,*,**,Less receipt -CCL
,16 RAIL,PARICHHA,640,30,9.8,14,1,*,**,Less receipt -CCL
,17 RAIL,DADRI(NCPP)($),840,30,14.2,54,4,*,Less receipt -CCL
,18 P.H.,RIHAND STPS($),2000,15,34.0,24,1,*,**,Less receipt-NCL
,19 P.H.,SINGRAULI STPS($),2000,15,32.0,22,1,*,**,Linkage < Demand
,20 RAIL,TANDA($),440,25,7.3,21,3,*,**,Less receipt -CCL
,21 RAIL,UNCHAHAR($),1050,25,18.3,59,3,*,**,Less receipt-CCL BCCL
TOTAL OF THE REGION,18540,24,307.0,913,3,17,12
WESTERN REGION
CHHATTISGARH,22 RAIL,500
,KORBA EAST V,15,10.0,12,1,*,**,Less receipt-SECL
,23 P.H.,440
,KORBA (East),15,8.3,103,12
,24 P.H. KORBA WEST,840,15,11.8,356,30
,25 P.H. KORBA STPS($),2100,15,32.7,766,23
,26 P.H. SIPAT STPS,1000,15,10.0,84,8
GUJARAT,27 RAIL GANDHI NAGAR,870,30,13.3,154,12
,28 RAIL SIKKA REP,240,30,3.7,68,19
,29 RAIL UKAI,850,30,10.6,59,6,*,Less receipt-SECL
,30 RAIL WANAKBORI,1470,30,22.0,102,5,*,Less receipt-SECL
,31 RAIL TORR POWER,390,30,5.7,2,0,*,**,Less receipt-SECL
M. P.,32 P.H. AMARKANTAK,500,15,5.3,100,19
,33 RAIL SANJAY GANDHI,1340,20,21.7,93,4,*,Less receipt-SECL
,34 P.H. SATPURA,1143,20,20.7,96,5,*,Less receipt
,35 P.H. VINDHYACHAL STP($),3260,15,51.7,28,1,*,**,Less receipt-CCL NCL
MAHARASHTRA 36 RAIL BHUSAWAL,475,25,8.7,13,2,*,**,Inadequate linkage
,37 RAIL CHANDRAPUR,2340,20,36.5,41,1,*,**,Inadequate linkage
,38 RAIL KHAPARKHEDA II,840,20,15.8,27,2,*,**,Inadequate linkage
,39 RAIL KORADIH,1040,25,17.3,6,0,*,**,Less receipt-SECL MCL
,40 RAIL NASIK,880,25,15.0,25,2,*,**,Less import
,41 RAIL PARLI,920,25,13.2,109,8
,42 RAIL PARAS,305,20,5.7,10,2,*,**,Less receipt
,43 RAIL DAHANU,500,25,9.7,19,2,*,**,Less receipt-SECL
TOTAL OF THE REGION,22243,21,349.3,2273,7,14,10
siyaram/11/17/2008,1
REGION /,SL. MODE,NAME OF,CAPACITY,NORMATIVE,DAILY LINK-,ACTUAL STOCK,CRITICAL,REASONS FOR
STATE,NO. OF TRANS
,THERMAL POWER,IN MW,STOCK Reqd. AGE IN '000,IN 000,IN,COAL STOCK CRITICAL COAL
,PORT,STATION,(Days),TONNES,TONNES,DAYS <7days <4days STOCK
SOUTHERN REGION
A. P.,44 RAIL,Dr. N. TATA RAO,1260,25,20.0,61,3,*,**,Less receipt-MCL
,45 RAIL,KOTHAGUDEM,1180,20,15.8,33,2,*,**,Linkage < Demand
,46 ROAD RAMAGUNDEM"B",63,20,0.8,16,19
,47 RAIL,RAYALASEEMA,840,25,14.3,80,6,*,Less receipt
,48 P.H.,RAMAGUNDAM($),2600,15,40.7,347,9
,49 RAIL,SIMHADRI($),1000,25,20.0,77,4,*,Less receipt
KARNATAKA,50 RAIL,RAICHUR,1470,30,30.3,327,11
TAMIL NADU,51 I.M.,ENNORE,450,30,7.5,9,1,*,**,Less receipt-ECL MCL
,52 I.M.,METTUR,840,30,15.8,19,1,*,**,Less receipt
,53 I.M.,NORTH CHENNAI,630,30,13.2,35,3,*,**,Less receipt-ECL MCL
,54 I.M.,TUTICORIN,1050,30,18.5,42,2,*,**,Less receipt-ECL MCL
TOTAL OF THE REGION,11383,25,197.0,1046,5,8,6
EASTERN REGION
BIHAR,55 RAIL,BARAUNI 320,20,1.0,18,18
,56 RAIL,220
,MUZAFFARPUR,20,1.0,8,8
,57 P.H. KAHALGAON($),1840,15,27.7,0,0,*,**,Less receipt-ECL
ORISSA,58 P.H. IB VALLEY TPS,420,15,5.3,77,14
,59 P.H. TALCHER TPS($),470,15,7.9,19,2,*,**,Linkage < Demand
,60 P.H. TALCHER STPS($),3000,15,60.0,26,0,*,**,Linkage < Demand
JHARKHAND,61 RAIL PATRATU,840,20,3.7,16,4,*,Less receipt-CCL
,62 ROAD TENUGHAT,420,20,3.7,9,2,*,**,Less receipt-CCL
,63 RAIL BOKARO"B" (DVC),630,20,8.3,56,7
,64 RAIL CHANDRAPURA(DVC),750,20,6.0,33,6,*,Less receipt
WEST BENGAL 65 RAIL DURGAPUR (DVC),340,20,8.7,70,8
,66 RAIL MEJIA,(DVC),1340,20,22.0,33,2,*,**,Unloading Constraint
,67 RAIL BAKRESHWAR,840,25,13.0,62,5,*,Less receipt-EMTA
,68 RAIL BANDEL,450,20,4.7,0,0,*,**,Less receipt-EMTA
,69 RAIL DURGAPUR (DPL),695,20,9.2,88,10
,70 RAIL KOLAGHAT,1260,25,18.3,90,5,*,Less receipt-ECL
,71 RAIL SAGARDIGHI,600,20,6.7,16,2,*,**,Less receipt-EMTA
,72 RAIL SANTALDIH,730,20,6.8,72,11
,73 RAIL BUDGE BUDGE,500,20,7.5,57,8
,74 RAIL NEW COSSIPORE,160,20,1.3,20,15
,75 RAIL SOUTHERN REPL,135,25,2.5,8,3,*,**,Less receipt
,76 RAIL TITAGARH,240,20,3.8,18,5,*,Less receipt-ECL
,77 P.H. FARAKKA STPS($),1600,15,32.3,13,0,*,**,Less receipt-ECL
TOTAL OF THE REGION,17800,18,261,809,3,14,9
ALL INDIA TOTAL,69965,22,1114.7,5041,5,53,37
($) = NTPC,I.M. = INTER MODAL,P.H. = PITHEAD
(*) Critical i.e. stock < 7 days in,53,TPSs,(Includes super critical also)
(**) Super Critical i.e.stock < 4 days in,37,TPSs




siyaram/11/17/2008,2
,No.CEA/Plg/OM/1/42/2008
,CENTRAL
,CENTRAL,ELECTRICITY
,ELECTRICITY,AUTHORITY
,AUTHORITY
,OPERATION,MONITORING
,OPERATION,DIVISION
,MONITORING,DIVISION


,[,******* DAILY COAL REPORT

COAL STOCK POSITION AT VARIOUS THERMAL POWER STATIONS IN THE COUNTRY AS ON 17.11.2008
REGION /,SL. MODE NAME OF,CAPACITY NORMATIVE DAILY LINK-,ACTUAL STOCK,CRITICAL,REASONS FOR
STATE,NO. OF TRANS
,THERMAL POWER IN MW,STOCK Reqd. AGE IN '000 IN 000,IN COAL STOCK CRITICAL COAL
,PORT,STATION,(Days),TONNES,TONNES,DAYS <7days <4days STOCK
NORTHEN REGION
DELHI,1 RAIL,I.P. STATION,248,25,3.2,42,13
,2 RAIL,RAJGHAT,135,25,2.2,28,13
,3 RAIL,BADARPUR($),705,30,14.2,40,3,*,**,Less receipt -CCL
HARYANA,4 RAIL,FARIDABAD EXT,180,25,2.5,51,20
,5 RAIL,PANIPAT,1360,25,23.3,43,2,*,**,Less receipt-CCL
,6 RAIL,YAMUNA NAGAR,600,25,8.8,0,0,*,**,Less receipt -CCL
PUNJAB,7 RAIL,GHTP(LEH.MOH.),920,30,15.8,71,4,*,Less receipt
,8 RAIL,GNDTP(BATHINDA),440,30,8.2,31,4,*,Less receipt -CCL
,9 RAIL,ROPAR,1260,30,20.8,50,2,*,**,Less receipt -CCL
RAJASTHAN,10 RAIL,KOTA,1045,30,21.0,170,8
,11 RAIL,SURATGARH,1250,30,24.0,42,2,*,**,Less receipt-SECL
U . P.,12 P.H.,ANPARA,1630,15,25.8,89,3,*,**,Less receipt-NCL
,13 RAIL,HARDUAGANJ"B",225,25,2.8,13,5,*,Less receipt -CCL
,14 RAIL,OBRA,1362,20,15.3,65,4,*,Less receipt-CCL NCL
,15 RAIL,PANKI,210,30,3.3,3,1,*,**,Less receipt -CCL
,16 RAIL,PARICHHA,640,30,9.8,10,1,*,**,Less receipt -CCL
,17 RAIL,DADRI(NCPP)($),840,30,14.2,45,3,*,**,Less receipt -CCL
,18 P.H.,RIHAND STPS($),2000,15,34.0,26,1,*,**,Less receipt-NCL
,19 P.H.,SINGRAULI STPS($),2000,15,32.0,26,1,*,**,Linkage < Demand
,20 RAIL,TANDA($),440,25,7.3,19,3,*,**,Less receipt -CCL
,21 RAIL,UNCHAHAR($),1050,25,18.3,63,3,*,**,Less receipt-CCL BCCL
TOTAL OF THE REGION,18540,24,307.0,927,3,17,13
WESTERN REGION
CHHATTISGARH,22 RAIL,500
,KORBA EAST V,15,10.0,15,2,*,**,Less receipt-SECL
,23 P.H.,440
,KORBA (East),15,8.3,103,12
,24 P.H. KORBA WEST,840,15,11.8,363,31
,25 P.H. KORBA STPS($),2100,15,32.7,765,23
,26 P.H. SIPAT STPS,1000,15,10.0,86,9
GUJARAT,27 RAIL GANDHI NAGAR,870,30,13.3,158,12
,28 RAIL SIKKA REP,240,30,3.7,67,18
,29 RAIL UKAI,850,30,10.6,58,5,*,Less receipt-SECL
,30 RAIL WANAKBORI,1470,30,22.0,98,4,*,Less receipt-SECL
,31 RAIL TORR POWER,390,30,5.7,1,0,*,**,Less receipt-SECL
M. P.,32 P.H. AMARKANTAK,500,15,5.3,100,19
,33 RAIL SANJAY GANDHI,1340,20,21.7,97,4,*,Less receipt-SECL
,34 P.H. SATPURA,1143,20,20.7,100,5,*,Less receipt
,35 P.H. VINDHYACHAL STP($),3260,15,51.7,22,0,*,**,Less receipt-CCL NCL
MAHARASHTRA 36 RAIL BHUSAWAL,475,25,8.7,9,1,*,**,Inadequate linkage
,37 RAIL CHANDRAPUR,2340,20,36.5,42,1,*,**,Inadequate linkage
,38 RAIL KHAPARKHEDA II,840,20,15.8,23,1,*,**,Inadequate linkage
,39 RAIL KORADIH,1040,25,17.3,7,0,*,**,Less receipt-SECL MCL
,40 RAIL NASIK,880,25,15.0,21,1,*,**,Less import
,41 RAIL PARLI,920,25,13.2,107,8
,42 RAIL PARAS,305,20,5.7,8,1,*,**,Less receipt
,43 RAIL DAHANU,500,25,9.7,19,2,*,**,Less receipt-SECL
TOTAL OF THE REGION,22243,21,349.3,2269,6,14,10
siyaram/11/18/2008,1
REGION /,SL. MODE,NAME OF,CAPACITY,NORMATIVE,DAILY LINK-,ACTUAL STOCK,CRITICAL,REASONS FOR
STATE,NO. OF TRANS
,THERMAL POWER,IN MW,STOCK Reqd. AGE IN '000,IN 000,IN,COAL STOCK CRITICAL COAL
,PORT,STATION,(Days),TONNES,TONNES,DAYS <7days <4days STOCK
SOUTHERN REGION
A. P.,44 RAIL,Dr. N. TATA RAO,1260,25,20.0,61,3,*,**,Less receipt-MCL
,45 RAIL,KOTHAGUDEM,1180,20,15.8,33,2,*,**,Linkage < Demand
,46 ROAD RAMAGUNDEM"B",63,20,0.8,16,19
,47 RAIL,RAYALASEEMA,840,25,14.3,80,6,*,Less receipt
,48 P.H.,RAMAGUNDAM($),2600,15,40.7,345,8
,49 RAIL,SIMHADRI($),1000,25,20.0,76,4,*,Less receipt
KARNATAKA,50 RAIL,RAICHUR,1470,30,30.3,325,11
TAMIL NADU,51 I.M.,ENNORE,450,30,7.5,9,1,*,**,Less receipt-ECL MCL
,52 I.M.,METTUR,840,30,15.8,19,1,*,**,Less receipt
,53 I.M.,NORTH CHENNAI,630,30,13.2,35,3,*,**,Less receipt-ECL MCL
,54 I.M.,TUTICORIN,1050,30,18.5,42,2,*,**,Less receipt-ECL MCL
TOTAL OF THE REGION,11383,25,197.0,1041,5,8,6
EASTERN REGION
BIHAR,55 RAIL,BARAUNI 320,20,1.0,18,18
,56 RAIL,220
,MUZAFFARPUR,20,1.0,8,8
,57 P.H. KAHALGAON($),1840,15,27.7,0,0,*,**,Less receipt-ECL
ORISSA,58 P.H. IB VALLEY TPS,420,15,5.3,78,15
,59 P.H. TALCHER TPS($),470,15,7.9,18,2,*,**,Linkage < Demand
,60 P.H. TALCHER STPS($),3000,15,60.0,23,0,*,**,Linkage < Demand
JHARKHAND,61 RAIL PATRATU,840,20,3.7,18,5,*,Less receipt-CCL
,62 ROAD TENUGHAT,420,20,3.7,9,2,*,**,Less receipt-CCL
,63 RAIL BOKARO"B" (DVC),630,20,8.3,60,7
,64 RAIL CHANDRAPURA(DVC),750,20,6.0,32,5,*,Less receipt
WEST BENGAL 65 RAIL DURGAPUR (DVC),340,20,8.7,69,8
,66 RAIL MEJIA,(DVC),1340,20,22.0,30,1,*,**,Unloading Constraint
,67 RAIL BAKRESHWAR,840,25,13.0,62,5,*,Less receipt-EMTA
,68 RAIL BANDEL,450,20,4.7,0,0,*,**,Less receipt-EMTA
,69 RAIL DURGAPUR (DPL),695,20,9.2,92,10
,70 RAIL KOLAGHAT,1260,25,18.3,90,5,*,Less receipt-ECL
,71 RAIL SAGARDIGHI,600,20,6.7,16,2,*,**,Less receipt-EMTA
,72 RAIL SANTALDIH,730,20,6.8,72,11
,73 RAIL BUDGE BUDGE,500,20,7.5,57,8
,74 RAIL NEW COSSIPORE,160,20,1.3,20,15
,75 RAIL SOUTHERN REPL,135,25,2.5,8,3,*,**,Less receipt
,76 RAIL TITAGARH,240,20,3.8,18,5,*,Less receipt-ECL
,77 P.H. FARAKKA STPS($),1600,15,32.3,8,0,*,**,Less receipt-ECL
TOTAL OF THE REGION,17800,18,261,806,3,14,9
ALL INDIA TOTAL,69965,22,1114.7,5043,5,53,38
($) = NTPC,I.M. = INTER MODAL,P.H. = PITHEAD
(*) Critical i.e. stock < 7 days in,53,TPSs,(Includes super critical also)
(**) Super Critical i.e.stock < 4 days in,38,TPSs




siyaram/11/18/2008,2
,No.CEA/Plg/OM/1/42/2008
,CENTRAL
,CENTRAL,ELECTRICITY
,ELECTRICITY,AUTHORITY
,AUTHORITY
,OPERATION,MONITORING
,OPERATION,DIVISION
,MONITORING,DIVISION


,[,******* DAILY COAL REPORT

COAL STOCK POSITION AT VARIOUS THERMAL POWER STATIONS IN THE COUNTRY AS ON 18.11.2008
REGION /,SL. MODE NAME OF,CAPACITY NORMATIVE DAILY LINK-,ACTUAL STOCK,CRITICAL,REASONS FOR
STATE,NO. OF TRANS
,THERMAL POWER IN MW,STOCK Reqd. AGE IN '000 IN 000,IN COAL STOCK CRITICAL COAL
,PORT,STATION,(Days),TONNES,TONNES,DAYS <7days <4days STOCK
NORTHEN REGION
DELHI,1 RAIL,I.P. STATION,248,25,3.2,40,13
,2 RAIL,RAJGHAT,135,25,2.2,23,11
,3 RAIL,BADARPUR($),705,30,14.2,45,3,*,**,Less receipt -CCL
HARYANA,4 RAIL,FARIDABAD EXT,180,25,2.5,53,21
,5 RAIL,PANIPAT,1360,25,23.3,43,2,*,**,Less receipt-CCL
,6 RAIL,YAMUNA NAGAR,600,25,8.8,0,0,*,**,Less receipt -CCL
PUNJAB,7 RAIL,GHTP(LEH.MOH.),920,30,15.8,67,4,*,Less receipt
,8 RAIL,GNDTP(BATHINDA),440,30,8.2,33,4,*,Less receipt -CCL
,9 RAIL,ROPAR,1260,30,20.8,51,2,*,**,Less receipt -CCL
RAJASTHAN,10 RAIL,KOTA,1045,30,21.0,189,9
,11 RAIL,SURATGARH,1250,30,24.0,51,2,*,**,Less receipt-SECL
U . P.,12 P.H.,ANPARA,1630,15,25.8,89,3,*,**,Less receipt-NCL
,13 RAIL,HARDUAGANJ"B",225,25,2.8,12,4,*,Less receipt -CCL
,14 RAIL,OBRA,1362,20,15.3,66,4,*,Less receipt-CCL NCL
,15 RAIL,PANKI,210,30,3.3,3,1,*,**,Less receipt -CCL
,16 RAIL,PARICHHA,640,30,9.8,10,1,*,**,Less receipt -CCL
,17 RAIL,DADRI(NCPP)($),840,30,14.2,46,3,*,**,Less receipt -CCL
,18 P.H.,RIHAND STPS($),2000,15,34.0,31,1,*,**,Less receipt-NCL
,19 P.H.,SINGRAULI STPS($),2000,15,32.0,30,1,*,**,Linkage < Demand
,20 RAIL,TANDA($),440,25,7.3,16,2,*,**,Less receipt -CCL
,21 RAIL,UNCHAHAR($),1050,25,18.3,78,4,*,Less receipt-CCL BCCL
TOTAL OF THE REGION,18540,24,307.0,976,3,17,12
WESTERN REGION
CHHATTISGARH,22 RAIL,500
,KORBA EAST V,15,10.0,17,2,*,**,Less receipt-SECL
,23 P.H.,440
,KORBA (East),15,8.3,101,12
,24 P.H. KORBA WEST,840,15,11.8,360,30
,25 P.H. KORBA STPS($),2100,15,32.7,762,23
,26 P.H. SIPAT STPS,1000,15,10.0,88,9
GUJARAT,27 RAIL GANDHI NAGAR,870,30,13.3,182,14
,28 RAIL SIKKA REP,240,30,3.7,57,16
,29 RAIL UKAI,850,30,10.6,58,5,*,Less receipt-SECL
,30 RAIL WANAKBORI,1470,30,22.0,88,4,*,Less receipt-SECL
,31 RAIL TORR POWER,390,30,5.7,1,0,*,**,Less receipt-SECL
M. P.,32 P.H. AMARKANTAK,500,15,5.3,100,19
,33 RAIL SANJAY GANDHI,1340,20,21.7,97,4,*,Less receipt-SECL
,34 P.H. SATPURA,1143,20,20.7,92,4,*,Less receipt
,35 P.H. VINDHYACHAL STP($),3260,15,51.7,25,0,*,**,Less receipt-CCL NCL
MAHARASHTRA 36 RAIL BHUSAWAL,475,25,8.7,11,1,*,**,Inadequate linkage
,37 RAIL CHANDRAPUR,2340,20,36.5,37,1,*,**,Inadequate linkage
,38 RAIL KHAPARKHEDA II,840,20,15.8,26,2,*,**,Inadequate linkage
,39 RAIL KORADIH,1040,25,17.3,8,0,*,**,Less receipt-SECL MCL
,40 RAIL NASIK,880,25,15.0,27,2,*,**,Less import
,41 RAIL PARLI,920,25,13.2,112,8
,42 RAIL PARAS,305,20,5.7,8,1,*,**,Less receipt
,43 RAIL DAHANU,500,25,9.7,19,2,*,**,Less receipt-SECL
TOTAL OF THE REGION,22243,21,349.3,2276,7,14,10
siyaram/11/21/2008,1
REGION /,SL. MODE,NAME OF,CAPACITY,NORMATIVE,DAILY LINK-,ACTUAL STOCK,CRITICAL,REASONS FOR
STATE,NO. OF TRANS
,THERMAL POWER,IN MW,STOCK Reqd. AGE IN '000,IN 000,IN,COAL STOCK CRITICAL COAL
,PORT,STATION,(Days),TONNES,TONNES,DAYS <7days <4days STOCK
SOUTHERN REGION
A. P.,44 RAIL,Dr. N. TATA RAO,1260,25,20.0,66,3,*,**,Less receipt-MCL
,45 RAIL,KOTHAGUDEM,1180,20,15.8,46,3,*,**,Linkage < Demand
,46 ROAD RAMAGUNDEM"B",63,20,0.8,16,19
,47 RAIL,RAYALASEEMA,840,25,14.3,88,6,*,Less receipt
,48 P.H.,RAMAGUNDAM($),2600,15,40.7,344,8
,49 RAIL,SIMHADRI($),1000,25,20.0,75,4,*,Less receipt
KARNATAKA,50 RAIL,RAICHUR,1470,30,30.3,327,11
TAMIL NADU,51 I.M.,ENNORE,450,30,7.5,9,1,*,**,Less receipt-ECL MCL
,52 I.M.,METTUR,840,30,15.8,19,1,*,**,Less receipt
,53 I.M.,NORTH CHENNAI,630,30,13.2,35,3,*,**,Less receipt-ECL MCL
,54 I.M.,TUTICORIN,1050,30,18.5,42,2,*,**,Less receipt-ECL MCL
TOTAL OF THE REGION,11383,25,197.0,1067,5,8,6
EASTERN REGION
BIHAR,55 RAIL,BARAUNI 320,20,1.0,18,18
,56 RAIL,220
,MUZAFFARPUR,20,1.0,8,8
,57 P.H. KAHALGAON($),1840,15,27.7,0,0,*,**,Less receipt-ECL
ORISSA,58 P.H. IB VALLEY TPS,420,15,5.3,78,15
,59 P.H. TALCHER TPS($),470,15,7.9,19,2,*,**,Linkage < Demand
,60 P.H. TALCHER STPS($),3000,15,60.0,30,1,*,**,Linkage < Demand
JHARKHAND,61 RAIL PATRATU,840,20,3.7,18,5,*,Less receipt-CCL
,62 ROAD TENUGHAT,420,20,3.7,9,2,*,**,Less receipt-CCL
,63 RAIL BOKARO"B" (DVC),630,20,8.3,63,8
,64 RAIL CHANDRAPURA(DVC),750,20,6.0,31,5,*,Less receipt
WEST BENGAL 65 RAIL DURGAPUR (DVC),340,20,8.7,68,8
,66 RAIL MEJIA,(DVC),1340,20,22.0,26,1,*,**,Unloading Constraint
,67 RAIL BAKRESHWAR,840,25,13.0,57,4,*,Less receipt-EMTA
,68 RAIL BANDEL,450,20,4.7,10,2,*,**,Less receipt-EMTA
,69 RAIL DURGAPUR (DPL),695,20,9.2,94,10
,70 RAIL KOLAGHAT,1260,25,18.3,87,5,*,Less receipt-ECL
,71 RAIL SAGARDIGHI,600,20,6.7,13,2,*,**,Less receipt-EMTA
,72 RAIL SANTALDIH,730,20,6.8,67,10
,73 RAIL BUDGE BUDGE,500,20,7.5,63,8
,74 RAIL NEW COSSIPORE,160,20,1.3,18,14
,75 RAIL SOUTHERN REPL,135,25,2.5,4,2,*,**,Less receipt
,76 RAIL TITAGARH,240,20,3.8,25,7
,77 P.H. FARAKKA STPS($),1600,15,32.3,8,0,*,**,Less receipt-ECL
TOTAL OF THE REGION,17800,18,261,814,3,13,9
ALL INDIA TOTAL,69965,22,1114.7,5133,5,52,37
($) = NTPC,I.M. = INTER MODAL,P.H. = PITHEAD
(*) Critical i.e. stock < 7 days in,52,TPSs,(Includes super critical also)
(**) Super Critical i.e.stock < 4 days in,37,TPSs




siyaram/11/21/2008,2
,No.CEA/Plg/OM/1/42/2008
,CENTRAL
,CENTRAL,ELECTRICITY
,ELECTRICITY,AUTHORITY
,AUTHORITY
,OPERATION,MONITORING
,OPERATION,DIVISION
,MONITORING,DIVISION


,[,******* DAILY COAL REPORT

COAL STOCK POSITION AT VARIOUS THERMAL POWER STATIONS IN THE COUNTRY AS ON 19.11.2008
REGION /,SL. MODE NAME OF,CAPACITY NORMATIVE DAILY LINK-,ACTUAL STOCK,CRITICAL,REASONS FOR
STATE,NO. OF TRANS
,THERMAL POWER IN MW,STOCK Reqd. AGE IN '000 IN 000,IN COAL STOCK CRITICAL COAL
,PORT,STATION,(Days),TONNES,TONNES,DAYS <7days <4days STOCK
NORTHEN REGION
DELHI,1 RAIL,I.P. STATION,248,25,3.2,38,12
,2 RAIL,RAJGHAT,135,25,2.2,22,10
,3 RAIL,BADARPUR($),705,30,14.2,47,3,*,**,Less receipt -CCL
HARYANA,4 RAIL,FARIDABAD EXT,180,25,2.5,53,21
,5 RAIL,PANIPAT,1360,25,23.3,43,2,*,**,Less receipt-CCL
,6 RAIL,YAMUNA NAGAR,600,25,8.8,0,0,*,**,Less receipt -CCL
PUNJAB,7 RAIL,GHTP(LEH.MOH.),920,30,15.8,71,4,*,Less receipt
,8 RAIL,GNDTP(BATHINDA),440,30,8.2,29,4,*,Less receipt -CCL
,9 RAIL,ROPAR,1260,30,20.8,51,2,*,**,Less receipt -CCL
RAJASTHAN,10 RAIL,KOTA,1045,30,21.0,165,8
,11 RAIL,SURATGARH,1250,30,24.0,41,2,*,**,Less receipt-SECL
U . P.,12 P.H.,ANPARA,1630,15,25.8,87,3,*,**,Less receipt-NCL
,13 RAIL,HARDUAGANJ"B",225,25,2.8,11,4,*,Less receipt -CCL
,14 RAIL,OBRA,1362,20,15.3,61,4,*,Less receipt-CCL NCL
,15 RAIL,PANKI,210,30,3.3,2,1,*,**,Less receipt -CCL
,16 RAIL,PARICHHA,640,30,9.8,17,2,*,**,Less receipt -CCL
,17 RAIL,DADRI(NCPP)($),840,30,14.2,54,4,*,Less receipt -CCL
,18 P.H.,RIHAND STPS($),2000,15,34.0,28,1,*,**,Less receipt-NCL
,19 P.H.,SINGRAULI STPS($),2000,15,32.0,30,1,*,**,Linkage < Demand
,20 RAIL,TANDA($),440,25,7.3,22,3,*,**,Less receipt -CCL
,21 RAIL,UNCHAHAR($),1050,25,18.3,70,4,*,Less receipt-CCL BCCL
TOTAL OF THE REGION,18540,24,307.0,942,3,17,11
WESTERN REGION
CHHATTISGARH,22 RAIL,500
,KORBA EAST V,15,10.0,17,2,*,**,Less receipt-SECL
,23 P.H.,440
,KORBA (East),15,8.3,101,12
,24 P.H. KORBA WEST,840,15,11.8,360,30
,25 P.H. KORBA STPS($),2100,15,32.7,761,23
,26 P.H. SIPAT STPS,1000,15,10.0,90,9
GUJARAT,27 RAIL GANDHI NAGAR,870,30,13.3,161,12
,28 RAIL SIKKA REP,240,30,3.7,70,19
,29 RAIL UKAI,850,30,10.6,60,6,*,Less receipt-SECL
,30 RAIL WANAKBORI,1470,30,22.0,92,4,*,Less receipt-SECL
,31 RAIL TORR POWER,390,30,5.7,2,0,*,**,Less receipt-SECL
M. P.,32 P.H. AMARKANTAK,500,15,5.3,99,19
,33 RAIL SANJAY GANDHI,1340,20,21.7,96,4,*,Less receipt-SECL
,34 P.H. SATPURA,1143,20,20.7,93,5,*,Less receipt
,35 P.H. VINDHYACHAL STP($),3260,15,51.7,26,1,*,**,Less receipt-CCL NCL
MAHARASHTRA 36 RAIL BHUSAWAL,475,25,8.7,11,1,*,**,Inadequate linkage
,37 RAIL CHANDRAPUR,2340,20,36.5,38,1,*,**,Inadequate linkage
,38 RAIL KHAPARKHEDA II,840,20,15.8,28,2,*,**,Inadequate linkage
,39 RAIL KORADIH,1040,25,17.3,9,1,*,**,Less receipt-SECL MCL
,40 RAIL NASIK,880,25,15.0,22,1,*,**,Less import
,41 RAIL PARLI,920,25,13.2,118,9
,42 RAIL PARAS,305,20,5.7,6,1,*,**,Less receipt
,43 RAIL DAHANU,500,25,9.7,19,2,*,**,Less receipt-SECL
TOTAL OF THE REGION,22243,21,349.3,2279,7,14,10
siyaram/11/24/2008,1
REGION /,SL. MODE,NAME OF,CAPACITY,NORMATIVE,DAILY LINK-,ACTUAL STOCK,CRITICAL,REASONS FOR
STATE,NO. OF TRANS
,THERMAL POWER,IN MW,STOCK Reqd. AGE IN '000,IN 000,IN,COAL STOCK CRITICAL COAL
,PORT,STATION,(Days),TONNES,TONNES,DAYS <7days <4days STOCK
SOUTHERN REGION
A. P.,44 RAIL,Dr. N. TATA RAO,1260,25,20.0,75,4,*,Less receipt-MCL
,45 RAIL,KOTHAGUDEM,1180,20,15.8,43,3,*,**,Linkage < Demand
,46 ROAD RAMAGUNDEM"B",63,20,0.8,16,19
,47 RAIL,RAYALASEEMA,840,25,14.3,92,6,*,Less receipt
,48 P.H.,RAMAGUNDAM($),2600,15,40.7,343,8
,49 RAIL,SIMHADRI($),1000,25,20.0,78,4,*,Less receipt
KARNATAKA,50 RAIL,RAICHUR,1470,30,30.3,332,11
TAMIL NADU,51 I.M.,ENNORE,450,30,7.5,9,1,*,**,Less receipt-ECL MCL
,52 I.M.,METTUR,840,30,15.8,19,1,*,**,Less receipt
,53 I.M.,NORTH CHENNAI,630,30,13.2,35,3,*,**,Less receipt-ECL MCL
,54 I.M.,TUTICORIN,1050,30,18.5,42,2,*,**,Less receipt-ECL MCL
TOTAL OF THE REGION,11383,25,197.0,1084,6,8,5
EASTERN REGION
BIHAR,55 RAIL,BARAUNI 320,20,1.0,18,18
,56 RAIL,220
,MUZAFFARPUR,20,1.0,8,8
,57 P.H. KAHALGAON($),1840,15,27.7,0,0,*,**,Less receipt-ECL
ORISSA,58 P.H. IB VALLEY TPS,420,15,5.3,85,16
,59 P.H. TALCHER TPS($),470,15,7.9,19,2,*,**,Linkage < Demand
,60 P.H. TALCHER STPS($),3000,15,60.0,39,1,*,**,Linkage < Demand
JHARKHAND,61 RAIL PATRATU,840,20,3.7,18,5,*,Less receipt-CCL
,62 ROAD TENUGHAT,420,20,3.7,8,2,*,**,Less receipt-CCL
,63 RAIL BOKARO"B" (DVC),630,20,8.3,69,8
,64 RAIL CHANDRAPURA(DVC),750,20,6.0,39,7
WEST BENGAL 65 RAIL DURGAPUR (DVC),340,20,8.7,66,8
,66 RAIL MEJIA,(DVC),1340,20,22.0,31,1,*,**,Unloading Constraint
,67 RAIL BAKRESHWAR,840,25,13.0,57,4,*,Less receipt-EMTA
,68 RAIL BANDEL,450,20,4.7,10,2,*,**,Less receipt-EMTA
,69 RAIL DURGAPUR (DPL),695,20,9.2,98,11
,70 RAIL KOLAGHAT,1260,25,18.3,87,5,*,Less receipt-ECL
,71 RAIL SAGARDIGHI,600,20,6.7,13,2,*,**,Less receipt-EMTA
,72 RAIL SANTALDIH,730,20,6.8,67,10
,73 RAIL BUDGE BUDGE,500,20,7.5,67,9
,74 RAIL NEW COSSIPORE,160,20,1.3,17,13
,75 RAIL SOUTHERN REPL,135,25,2.5,2,1,*,**,Less receipt
,76 RAIL TITAGARH,240,20,3.8,26,7
,77 P.H. FARAKKA STPS($),1600,15,32.3,11,0,*,**,Less receipt-ECL
TOTAL OF THE REGION,17800,18,261,855,3,12,9
ALL INDIA TOTAL,69965,22,1114.7,5160,5,51,35
($) = NTPC,I.M. = INTER MODAL,P.H. = PITHEAD
(*) Critical i.e. stock < 7 days in,51,TPSs,(Includes super critical also)
(**) Super Critical i.e.stock < 4 days in,35,TPSs




siyaram/11/24/2008,2
,No.CEA/Plg/OM/1/42/2008
,CENTRAL
,CENTRAL,ELECTRICITY
,ELECTRICITY,AUTHORITY
,AUTHORITY
,OPERATION,MONITORING
,OPERATION,DIVISION
,MONITORING,DIVISION


,[,******* DAILY COAL REPORT

COAL STOCK POSITION AT VARIOUS THERMAL POWER STATIONS IN THE COUNTRY AS ON 20.11.2008
REGION /,SL. MODE NAME OF,CAPACITY NORMATIVE DAILY LINK-,ACTUAL STOCK,CRITICAL,REASONS FOR
STATE,NO. OF TRANS
,THERMAL POWER IN MW,STOCK Reqd. AGE IN '000 IN 000,IN COAL STOCK CRITICAL COAL
,PORT,STATION,(Days),TONNES,TONNES,DAYS <7days <4days STOCK
NORTHEN REGION
DELHI,1 RAIL,I.P. STATION,248,25,3.2,39,12
,2 RAIL,RAJGHAT,135,25,2.2,23,11
,3 RAIL,BADARPUR($),705,30,14.2,73,5,*,Less receipt -CCL
HARYANA,4 RAIL,FARIDABAD EXT,180,25,2.5,52,21
,5 RAIL,PANIPAT,1360,25,23.3,45,2,*,**,Less receipt-CCL
,6 RAIL,YAMUNA NAGAR,600,25,8.8,0,0,*,**,Less receipt -CCL
PUNJAB,7 RAIL,GHTP(LEH.MOH.),920,30,15.8,69,4,*,Less receipt
,8 RAIL,GNDTP(BATHINDA),440,30,8.2,37,5,*,Less receipt -CCL
,9 RAIL,ROPAR,1260,30,20.8,64,3,*,**,Less receipt -CCL
RAJASTHAN,10 RAIL,KOTA,1045,30,21.0,148,7
,11 RAIL,SURATGARH,1250,30,24.0,46,2,*,**,Less receipt-SECL
U . P.,12 P.H.,ANPARA,1630,15,25.8,89,3,*,**,Less receipt-NCL
,13 RAIL,HARDUAGANJ"B",225,25,2.8,12,4,*,Less receipt -CCL
,14 RAIL,OBRA,1362,20,15.3,66,4,*,Less receipt-CCL NCL
,15 RAIL,PANKI,210,30,3.3,1,0,*,**,Less receipt -CCL
,16 RAIL,PARICHHA,640,30,9.8,19,2,*,**,Less receipt -CCL
,17 RAIL,DADRI(NCPP)($),840,30,14.2,55,4,*,Less receipt -CCL
,18 P.H.,RIHAND STPS($),2000,15,34.0,26,1,*,**,Less receipt-NCL
,19 P.H.,SINGRAULI STPS($),2000,15,32.0,36,1,*,**,Linkage < Demand
,20 RAIL,TANDA($),440,25,7.3,26,4,*,Less receipt -CCL
,21 RAIL,UNCHAHAR($),1050,25,18.3,86,5,*,Less receipt-CCL BCCL
TOTAL OF THE REGION,18540,24,307.0,1012,3,17,9
WESTERN REGION
CHHATTISGARH,22 RAIL,500
,KORBA EAST V,15,10.0,14,1,*,**,Less receipt-SECL
,23 P.H.,440
,KORBA (East),15,8.3,101,12
,24 P.H. KORBA WEST,840,15,11.8,352,30
,25 P.H. KORBA STPS($),2100,15,32.7,759,23
,26 P.H. SIPAT STPS,1000,15,10.0,92,9
GUJARAT,27 RAIL GANDHI NAGAR,870,30,13.3,170,13
,28 RAIL SIKKA REP,240,30,3.7,72,20
,29 RAIL UKAI,850,30,10.6,60,6,*,Less receipt-SECL
,30 RAIL WANAKBORI,1470,30,22.0,81,4,*,Less receipt-SECL
,31 RAIL TORR POWER,390,30,5.7,4,1,*,**,Less receipt-SECL
M. P.,32 P.H. AMARKANTAK,500,15,5.3,99,19
,33 RAIL SANJAY GANDHI,1340,20,21.7,101,5,*,Less receipt-SECL
,34 P.H. SATPURA,1143,20,20.7,92,4,*,Less receipt
,35 P.H. VINDHYACHAL STP($),3260,15,51.7,30,1,*,**,Less receipt-CCL NCL
MAHARASHTRA 36 RAIL BHUSAWAL,475,25,8.7,14,2,*,**,Inadequate linkage
,37 RAIL CHANDRAPUR,2340,20,36.5,41,1,*,**,Inadequate linkage
,38 RAIL KHAPARKHEDA II,840,20,15.8,23,1,*,**,Inadequate linkage
,39 RAIL KORADIH,1040,25,17.3,12,1,*,**,Less receipt-SECL MCL
,40 RAIL NASIK,880,25,15.0,27,2,*,**,Less import
,41 RAIL PARLI,920,25,13.2,123,9
,42 RAIL PARAS,305,20,5.7,6,1,*,**,Less receipt
,43 RAIL DAHANU,500,25,9.7,19,2,*,**,Less receipt-SECL
TOTAL OF THE REGION,22243,21,349.3,2292,7,14,10
siyaram/11/24/2008,1
REGION /,SL. MODE,NAME OF,CAPACITY,NORMATIVE,DAILY LINK-,ACTUAL STOCK,CRITICAL,REASONS FOR
STATE,NO. OF TRANS
,THERMAL POWER,IN MW,STOCK Reqd. AGE IN '000,IN 000,IN,COAL STOCK CRITICAL COAL
,PORT,STATION,(Days),TONNES,TONNES,DAYS <7days <4days STOCK
SOUTHERN REGION
A. P.,44 RAIL,Dr. N. TATA RAO,1260,25,20.0,81,4,*,Less receipt-MCL
,45 RAIL,KOTHAGUDEM,1180,20,15.8,44,3,*,**,Linkage < Demand
,46 ROAD RAMAGUNDEM"B",63,20,0.8,15,18
,47 RAIL,RAYALASEEMA,840,25,14.3,91,6,*,Less receipt
,48 P.H.,RAMAGUNDAM($),2600,15,40.7,344,8
,49 RAIL,SIMHADRI($),1000,25,20.0,71,4,*,Less receipt
KARNATAKA,50 RAIL,RAICHUR,1470,30,30.3,327,11
TAMIL NADU,51 I.M.,ENNORE,450,30,7.5,6,1,*,**,Less receipt-ECL MCL
,52 I.M.,METTUR,840,30,15.8,20,1,*,**,Less receipt
,53 I.M.,NORTH CHENNAI,630,30,13.2,39,3,*,**,Less receipt-ECL MCL
,54 I.M.,TUTICORIN,1050,30,18.5,68,4,*,Less receipt-ECL MCL
TOTAL OF THE REGION,11383,25,197.0,1106,6,8,4
EASTERN REGION
BIHAR,55 RAIL,BARAUNI 320,20,1.0,18,18
,56 RAIL,220
,MUZAFFARPUR,20,1.0,8,8
,57 P.H. KAHALGAON($),1840,15,27.7,0,0,*,**,Less receipt-ECL
ORISSA,58 P.H. IB VALLEY TPS,420,15,5.3,85,16
,59 P.H. TALCHER TPS($),470,15,7.9,20,3,*,**,Linkage < Demand
,60 P.H. TALCHER STPS($),3000,15,60.0,36,1,*,**,Linkage < Demand
JHARKHAND,61 RAIL PATRATU,840,20,3.7,22,6,*,Less receipt-CCL
,62 ROAD TENUGHAT,420,20,3.7,8,2,*,**,Less receipt-CCL
,63 RAIL BOKARO"B" (DVC),630,20,8.3,72,9
,64 RAIL CHANDRAPURA(DVC),750,20,6.0,29,5,*,Less receipt-CCL
WEST BENGAL 65 RAIL DURGAPUR (DVC),340,20,8.7,73,8
,66 RAIL MEJIA,(DVC),1340,20,22.0,35,2,*,**,Unloading Constraint
,67 RAIL BAKRESHWAR,840,25,13.0,45,3,*,**,Less receipt-EMTA
,68 RAIL BANDEL,450,20,4.7,3,1,*,**,Less receipt-EMTA
,69 RAIL DURGAPUR (DPL),695,20,9.2,106,12
,70 RAIL KOLAGHAT,1260,25,18.3,106,6,*,Less receipt-ECL
,71 RAIL SAGARDIGHI,600,20,6.7,5,1,*,**,Less receipt-EMTA
,72 RAIL SANTALDIH,730,20,6.8,63,9
,73 RAIL BUDGE BUDGE,500,20,7.5,67,9
,74 RAIL NEW COSSIPORE,160,20,1.3,17,13
,75 RAIL SOUTHERN REPL,135,25,2.5,2,1,*,**,Less receipt
,76 RAIL TITAGARH,240,20,3.8,26,7
,77 P.H. FARAKKA STPS($),1600,15,32.3,17,1,*,**,Less receipt-ECL
TOTAL OF THE REGION,17800,18,261,863,3,13,10
ALL INDIA TOTAL,69965,22,1114.7,5273,5,52,33
($) = NTPC,I.M. = INTER MODAL,P.H. = PITHEAD
(*) Critical i.e. stock < 7 days in,52,TPSs,(Includes super critical also)
(**) Super Critical i.e.stock < 4 days in,33,TPSs




siyaram/11/24/2008,2
,CENTRAL ELECTRICITY AUTHORITY
,OPERATION MONITORING DIVISION
,DAILY COAL REPORT
,Page 1 of2
,COAL STOCKS POSITION AT VARIOUS THERMAL POWER STATIONS IN THE COUNTRY ( AS ON,24-NOV-2008 )
,REGION/,MODE OF,NAME OF,CAPACITY,NORMAT,DAILY,ACTUAL STOCK,CRITICAL,REASONS FOR
,STATE,TRANSPORT,THERMAL,(MW),IVE,LINKAGE,CRITICAL COAL
,POWER,STOCK,IN '000,IN,000,IN,COAL STOCK,STOCK
,STATION,Reqd. TONNES,TONNES,DAYS
,(DAYS),<7,<4

NORTHERN
DELHI
1,RAIL,I.P.STATION,247.5,25,3.2,41,13
2,RAIL,RAJGHAT,135.0,25,2.2,23,11
3,RAIL,BADARPUR,705.0,30,14.2,102,7
HARYANA
4,RAIL,FARIDABAD EXT.,180.0,25,2.5,55,22
5,RAIL,PANIPAT,1360.0,25,23.3,30,1,*,**,Less Receipt - CCL
6,RAIL,YAMUNA NAGAR TP,600.0,25,8.8,0,0,*,**,Less Receipt - CCL
PUNJAB
7,RAIL,GHTP (LEH.MOH.),920.0,30,15.8,70,4,*,Less Receipt
8,RAIL,GNDTP(BHATINDA),440.0,30,8.2,35,4,*,Less Receipt - CCL
9,RAIL,ROPAR,1260.0,30,20.8,53,3,*,**,Less Receipt - CCL
RAJASTHAN
10,RAIL,KOTA,1045.0,30,21.0,120,6,*,Less Receipt - SECL
11,RAIL,SURATGARH,1250.0,30,24.0,43,2,*,**,Less Receipt - SECL
UTTAR PRADESH
12,PITHEAD,ANPARA,1630.0,15,25.8,94,4,*,Less Receipt - NCL
13,RAIL,HARDUAGANJ B,225.0,25,2.8,11,4,*,Less Receipt - CCL
14,RAIL,OBRA,1362.0,20,15.3,82,5,*,Less receipt-CCL NCL
15,RAIL,PANKI,210.0,30,3.3,3,1,*,**,Less Receipt - CCL
16,RAIL,PARICHHA,640.0,30,9.8,17,2,*,**,Less Receipt - CCL
17,RAIL,DADRI (NCTPP),840.0,30,14.2,43,3,*,**,Less Receipt - CCL
18,PITHEAD,RIHAND STPS,2000.0,15,34.0,17,0,*,**,Less Receipt - NCL
19,PITHEAD,SINGRAULI STPS,2000.0,15,32.0,37,1,*,**,Linkage < Demand
20,RAIL,TANDA,440.0,25,7.3,20,3,*,**,Less Receipt - CCL
21,RAIL,UNCHAHAR,1050.0,25,18.3,40,2,*,**,Less receipt-
,CCL BCCL
TOTAL OF THE REGION,18539.5,24,306.8,936,3,17,11
WESTERN
CHHATTISGARH
22,RAIL,KORBA EAST V,500.0,15,10.0,12,1,*,**,Less Receipt - SECL
23,PITHEAD,KORBA-II,440.0,15,8.3,100,12
24,PITHEAD,KORBA-WEST,840.0,15,11.8,352,30
25,PITHEAD,KORBA STPS,2100.0,15,32.7,752,23
26,RAIL,SIPAT STPS,1000.0,20,10.0,88,9
GUJARAT
27,RAIL,GANDHI NAGAR,870.0,30,13.3,165,12
28,RAIL,SIKKA REP.,240.0,30,3.7,68,19
29,RAIL,UKAI,850.0,30,10.6,48,5,*,Less Receipt - SECL
30,RAIL,WANAKBORI,1470.0,30,22.0,53,2,*,**,Less Receipt - SECL
31,RAIL,TORR POWER AEC,390.0,30,5.7,7,1,*,**,Less Receipt - SECL
MADHYA PRADESH
32,PITHEAD,AMAR KANTAK,500.0,15,5.3,99,19
33,RAIL,SANJAY GANDHI,1340.0,20,21.7,99,5,*,Less Receipt - SECL
34,RAIL,SATPURA,1142.5,20,20.7,76,4,*,Less Receipt
35,PITHEAD,VINDHYACHAL STPS,3260.0,15,51.7,30,1,*,**,Less receipt-CCL NCL
MAHARASHTRA
36,RAIL,BHUSAWAL,475.0,25,8.7,16,2,*,**,Inadequate linkage
37,RAIL,CHANDRAPUR,2340.0,20,36.5,51,1,*,**,Inadequate linkage
38,RAIL,KHAPARKHEDA II,840.0,20,15.8,19,1,*,**,Inadequate linkage
39,RAIL,KORADI,1040.0,25,17.3,16,1,*,**,Less Receipt -
,SECL MCL
40,RAIL,NASIK,880.0,25,15.0,22,1,*,**,Less import
41,RAIL,PARLI,920.0,25,13.2,134,10
42,RAIL,PARAS,305.0,20,5.7,18,3,*,**,Less Receipt
43,RAIL,DAHANU,500.0,25,9.7,19,2,*,**,Less Receipt - SECL
,Page 2 of2
,COAL STOCKS POSITION AT VARIOUS THERMAL POWER STATIONS IN THE COUNTRY ( AS ON,24-NOV-2008 )
 REGION/,MODE OF,NAME OF,CAPACITY,NORMAT,DAILY,ACTUAL STOCK,CRITICAL,REASONS FOR
,STATE,TRANSPORT,THERMAL,(MW),IVE,LINKAGE,CRITICAL COAL
,POWER,STOCK,IN '000,IN,000,IN,COAL STOCK,STOCK
,STATION,Reqd. TONNES,TONNES,DAYS
,(DAYS),<7,<4

TOTAL OF THE REGION,22242.5,21,349.4,2242,6,14,11
SOUTHERN
ANDHRA PRADESH
44,RAIL,Dr. N.TATA RAO,1260.0,25,20.0,91,5,*,Less receipt - MCL
45,RAIL,KOTHAGUDEM,1180.0,20,15.8,53,3,*,**,Linkage < Demand
46,ROAD,RAMAGUNDEM - B,62.5,20,0.8,16,20
47,RAIL,RAYALASEEMA,840.0,25,14.3,84,6,*,Less Receipt
48,PITHEAD,RAMAGUNDEM STPS,2600.0,15,40.7,344,8
49,RAIL,SIMHADRI,1000.0,25,20.0,60,3,*,**,Less Receipt
KARNATAKA
50,RAIL,RAICHUR,1470.0,30,30.3,359,12
TAMIL NADU
51,INTER MODAL ENNORE,450.0,30,7.5,10,1,*,**,Less Receipt -
,MCL ECL
52,INTER MODAL METTUR,840.0,30,15.8,14,1,*,**,Less Receipt
53,INTER MODAL NORTH CHENNAI,630.0,30,13.2,44,3,*,**,Less Receipt -
,MCL ECL
54,INTER MODAL TUTICORIN,1050.0,30,18.5,50,3,*,**,Less Receipt -
,MCL ECL
TOTAL OF THE REGION,11382.5,25,196.9,1124,6,8,6
EASTERN
BIHAR
55,RAIL,BARAUNI,320.0,20,1.0,18,18
56,RAIL,MUZAFFARPUR,220.0,20,1.0,9,9
57,PITHEAD,KAHALGAON,1840.0,15,27.7,0,0
JHARKHAND
61,RAIL,PATRATU,840.0,20,3.7,25,7
62,ROAD,TENUGHAT,420.0,20,3.7,9,2,*,**,Less Receipt - CCL
63,RAIL,BOKARO B,630.0,20,8.3,80,10
64,RAIL,CHANDRAPURA,750.0,20,6.0,30,5,*,Less Receipt - CCL
ORISSA
58,PITHEAD,IB VALLEY,420.0,15,5.3,94,18
59,PITHEAD,TALCHER,470.0,15,7.9,18,2,*,**,Linkage < Demand
60,PITHEAD,TALCHER STPS,3000.0,15,60.0,54,1,*,**,Linkage < Demand
WEST BENGAL
65,RAIL,DURGAPUR,340.0,20,8.7,81,9
66,RAIL,MEJIA,1340.0,20,22.0,32,1,*,**,Unloading Constraint
67,RAIL,BAKRESWAR,840.0,25,13.0,48,4,*,Less receipt - EMTA
68,RAIL,BANDEL,450.0,20,4.7,3,1,*,**,Less receipt - EMTA
69,RAIL,D.P.L.,695.0,20,9.2,112,12
70,RAIL,KOLAGHAT,1260.0,25,18.3,103,6,*,Less Receipt - ECL
71,RAIL,SAGARDIGHI TPP,600.0,20,6.7,6,1,*,**,Less receipt - EMTA
72,RAIL,SANTALDIH,730.0,20,6.8,62,9
73,RAIL,BUDGE BUDGE,500.0,20,7.5,63,8
74,RAIL,NEWCOSSIPORE,160.0,20,1.3,14,11
75,RAIL,SOUTHERN REPL.,135.0,25,2.5,9,3,*,**,Less Receipt
76,RAIL,TITAGARH,240.0,20,3.8,24,6,*
77,PITHEAD,FARAKKA STPS,1600.0,15,32.3,31,1,*,**,Less Receipt - ECL
TOTAL OF THE REGION,17800.0,18,261.4,925,4,12,8
ALL INDIA TOTAL,69964.5,22,1114,5227,5,51,36

(*) Critical i.e. stock less than 7 days in,51,TPSs,{Includes super critical also}
(**) Super Critical i.e. stock less than 4 days in,36,TPSs
,CENTRAL ELECTRICITY AUTHORITY
,OPERATION MONITORING DIVISION

,***,DAILY COAL REPORT
,Page 1 of3
,COAL STOCKS POSITION AT VARIOUS THERMAL POWER STATIONS IN THE COUNTRY (AS ON 25-Nov-2008,)
,REGION/,MODE OF,NAME OF,CAPACITY NORMATIV,DAILY,ACTUAL STOCK,CRITICAL,REASONS FOR
,STATE,TRANSPORT,THERMAL,(MW),E,LINKAGE,CRITICAL COAL
,POWER,STOCK,IN '000 IN,000,IN,COAL STOCK,STOCK
,STATION,Reqd.,TONNES TONNES DAYS
,(DAYS),<7,<4

NORTHERN
DELHI
1,RAIL,I.P.STATION,247.5,25,3.2,43,14
2,RAIL,RAJGHAT,135.0,25,2.2,25,12
3,RAIL,BADARPUR,705.0,30,14.2,103,7
HARYANA
4,RAIL,FARIDABAD EXT.,180.0,25,2.5,54,22
5,RAIL,PANIPAT,1360.0,25,23.3,31,1,*,**,Less Receipt - CCL
6,RAIL,YAMUNA NAGAR TP,600.0,25,8.8,0,0,*,**,Less Receipt - CCL
PUNJAB
7,RAIL,GHTP (LEH.MOH.),920.0,30,15.8,68,4,*,Less Receipt
8,RAIL,GNDTP(BHATINDA),440.0,30,8.2,40,5,*,Less Receipt - CCL
9,RAIL,ROPAR,1260.0,30,20.8,57,3,*,**,Less Receipt - CCL
RAJASTHAN
10,RAIL,KOTA,1045.0,30,21.0,117,6,*,Less Receipt - SECL
11,RAIL,SURATGARH,1250.0,30,24.0,33,1,*,**,Less Receipt - SECL
UTTAR PRADESH
12,PITHEAD,ANPARA,1630.0,15,25.8,99,4,*,Less Receipt - NCL
13,RAIL,HARDUAGANJ B,225.0,25,2.8,13,5,*,Less Receipt - CCL
14,RAIL,OBRA,1362.0,20,15.3,80,5,*,Less receipt-CCL NCL

15,RAIL,PANKI,210.0,30,3.3,0,0,*,**,Less Receipt - CCL
16,RAIL,PARICHHA,640.0,30,9.8,13,1,*,**,Less Receipt - CCL
17,RAIL,DADRI (NCTPP),840.0,30,14.2,45,3,*,**,Less Receipt - CCL
18,PITHEAD,RIHAND STPS,2000.0,15,34.0,23,1,*,**,Less Receipt - NCL
19,PITHEAD,SINGRAULI STPS,2000.0,15,32.0,41,1,*,**,Linkage < Demand
20,RAIL,TANDA,440.0,25,7.3,16,2,*,**,Less Receipt - CCL
21,RAIL,UNCHAHAR,1050.0,25,18.3,41,2,*,**,Less receipt-
,CCL BCCL
TOTAL OF THE REGION,18539.5,24,306.8,942,3,17,11
WESTERN
CHHATTISGARH
22,RAIL,KORBA EAST V,500.0,15,10.0,14,1,*,**,Less Receipt - SECL
23,PITHEAD,KORBA-II,440.0,15,8.3,98,12
24,PITHEAD,KORBA-WEST,840.0,15,11.8,352,30
25,PITHEAD,KORBA STPS,2100.0,15,32.7,751,23
26,RAIL,SIPAT STPS,1000.0,20,10.0,87,9
GUJARAT
27,RAIL,GANDHI NAGAR,870.0,30,13.3,172,13
28,RAIL,SIKKA REP.,240.0,30,3.7,73,20
29,RAIL,UKAI,850.0,30,10.6,48,5,*,Less Receipt - SECL
30,RAIL,WANAKBORI,1470.0,30,22.0,47,2,*,**,Less Receipt - SECL
31,RAIL,TORR POWER AEC,390.0,30,5.7,9,2,*,**,Less Receipt - SECL
MADHYA PRADESH
32,PITHEAD,AMAR KANTAK,500.0,15,5.3,99,19
33,RAIL,SANJAY GANDHI,1340.0,20,21.7,97,4,*,Less Receipt - SECL
34,RAIL,SATPURA,1142.5,20,20.7,77,4,*,Less Receipt
35,PITHEAD,VINDHYACHAL STPS,3260.0,15,51.7,34,1,*,**,Less receipt-CCL NCL

MAHARASHTRA
36,RAIL,BHUSAWAL,475.0,25,8.7,15,2,*,**,Inadequate linkage
37,RAIL,CHANDRAPUR,2340.0,20,36.5,50,1,*,**,Inadequate linkage
38,RAIL,KHAPARKHEDA II,840.0,20,15.8,21,1,*,**,Inadequate linkage
39,RAIL,KORADI,1040.0,25,17.3,15,1,*,**,Less Receipt -
,SECL MCL
40,RAIL,NASIK,880.0,25,15.0,15,1,*,**,Less import
,Page 2 of3
,COAL STOCKS POSITION AT VARIOUS THERMAL POWER STATIONS IN THE COUNTRY (AS ON 25-Nov-2008,)
 REGION/,MODE OF,NAME OF,CAPACITY NORMATIV,DAILY,ACTUAL STOCK,CRITICAL,REASONS FOR
,STATE,TRANSPORT,THERMAL,(MW),E,LINKAGE,CRITICAL COAL
,POWER,STOCK,IN '000 IN,000,IN,COAL STOCK,STOCK
,STATION,Reqd.,TONNES TONNES DAYS
,(DAYS),<7,<4

41,RAIL,PARLI,920.0,25,13.2,132,10
42,RAIL,PARAS,305.0,20,5.7,18,3,*,**,Less Receipt
43,RAIL,DAHANU,500.0,25,9.7,18,2,*,**,Less Receipt - SECL
TOTAL OF THE REGION,22242.5,21,349.4,2243,6,14,11
SOUTHERN
ANDHRA PRADESH
44,RAIL,Dr. N.TATA RAO,1260.0,25,20.0,92,5,*,Less receipt - MCL
45,RAIL,KOTHAGUDEM,1180.0,20,15.8,64,4,*,Linkage < Demand
46,ROAD,RAMAGUNDEM - B,62.5,20,0.8,17,20
47,RAIL,RAYALASEEMA,840.0,25,14.3,85,6,*,Less Receipt
48,PITHEAD,RAMAGUNDEM STPS,2600.0,15,40.7,348,9
49,RAIL,SIMHADRI,1000.0,25,20.0,70,4,*,Less Receipt
KARNATAKA
50,RAIL,RAICHUR,1470.0,30,30.3,362,12
TAMIL NADU
51,INTER MODAL ENNORE,450.0,30,7.5,14,2,*,**,Less Receipt -
,MCL ECL
52,INTER MODAL METTUR,840.0,30,15.8,16,1,*,**,Less Receipt
53,INTER MODAL NORTH CHENNAI,630.0,30,13.2,43,3,*,**,Less Receipt -
,MCL ECL
54,INTER MODAL TUTICORIN,1050.0,30,18.5,37,2,*,**,Less Receipt -
,MCL ECL
TOTAL OF THE REGION,11382.5,25,196.9,1148,6,8,4
EASTERN
BIHAR
55,RAIL,BARAUNI,320.0,20,1.0,18,18
56,RAIL,MUZAFFARPUR,220.0,20,1.0,7,7
57,PITHEAD,KAHALGAON,1840.0,15,27.7,-29,-1
ORISSA
58,PITHEAD,IB VALLEY,420.0,15,5.3,96,18
59,PITHEAD,TALCHER,470.0,15,7.9,17,2,*,**,Linkage < Demand
60,PITHEAD,TALCHER STPS,3000.0,15,60.0,50,1,*,**,Linkage < Demand
JHARKHAND
61,RAIL,PATRATU,840.0,20,3.7,25,7
62,ROAD,TENUGHAT,420.0,20,3.7,11,3,*,**,Less Receipt - CCL
63,RAIL,BOKARO B,630.0,20,8.3,83,10
64,RAIL,CHANDRAPURA,750.0,20,6.0,29,5,*,Less Receipt - CCL
WEST BENGAL
65,RAIL,DURGAPUR,340.0,20,8.7,80,9
66,RAIL,MEJIA,1340.0,20,22.0,32,1,*,**,Unloading Constraint
67,RAIL,BAKRESWAR,840.0,25,13.0,45,3,*,**,Less receipt - EMTA
68,RAIL,BANDEL,450.0,20,4.7,0,0,*,**,Less receipt - EMTA
69,RAIL,D.P.L.,695.0,20,9.2,111,12
70,RAIL,KOLAGHAT,1260.0,25,18.3,106,6,*,Less receipt - MCL
71,RAIL,SAGARDIGHI TPP,600.0,20,6.7,5,1,*,**,Less receipt - EMTA
72,RAIL,SANTALDIH,730.0,20,6.8,65,9
73,RAIL,BUDGE BUDGE,500.0,20,7.5,59,8
74,RAIL,NEWCOSSIPORE,160.0,20,1.3,16,12
75,RAIL,SOUTHERN REPL.,135.0,25,2.5,10,4,*,Less Receipt
76,RAIL,TITAGARH,240.0,20,3.8,25,7
77,PITHEAD,FARAKKA STPS,1600.0,15,32.3,34,1,*,**,Less Receipt - ECL
TOTAL OF THE REGION,17800.0,18,261.4,894,3,11,8
WESTERN
MAHARASHTRA
79,RAIL,TROMBAY,1150.0,30,15.0,0,0,*,**
TOTAL OF THE REGION,1150.0,30,15.0,0,0,1,1
ALL INDIA TOTAL,71114.5,22,1130,5227,5,51,35

(*) Critical i.e. stock less than 7 days in,51,TPSs,{Includes super critical also}
(**) Super Critical i.e. stock less than 4 days in,35,TPSs
,2
,CENTRAL ELECTRICITY AUTHORITY
,OPERATION MONITORING DIVISION
,DAILY COAL REPORT
,Page 1 of2
,COAL STOCKS POSITION AT VARIOUS THERMAL POWER STATIONS IN THE COUNTRY ( AS ON,26-NOV-2008 )
,REGION/,MODE OF,NAME OF,CAPACITY,NORMAT,DAILY,ACTUAL STOCK,CRITICAL,REASONS FOR
,STATE,TRANSPORT,THERMAL,(MW),IVE,LINKAGE,CRITICAL COAL
,POWER,STOCK,IN '000,IN,000,IN,COAL STOCK,STOCK
,STATION,Reqd. TONNES,TONNES,DAYS
,(DAYS),<7,<4

NORTHERN
DELHI
1,RAIL,I.P.STATION,247.5,25,3.2,43,14
2,RAIL,RAJGHAT,135.0,25,2.2,24,11
3,RAIL,BADARPUR,705.0,30,14.2,104,7
HARYANA
4,RAIL,FARIDABAD EXT.,180.0,25,2.5,53,21
5,RAIL,PANIPAT,1360.0,25,23.3,31,1,*,**,Less Receipt - CCL
6,RAIL,YAMUNA NAGAR TP,600.0,25,8.8,0,0,*,**,Less Receipt - CCL
PUNJAB
7,RAIL,GHTP (LEH.MOH.),920.0,30,15.8,72,5,*,Less Receipt
8,RAIL,GNDTP(BHATINDA),440.0,30,8.2,39,5,*,Less Receipt - CCL
9,RAIL,ROPAR,1260.0,30,20.8,59,3,*,**,Less Receipt - CCL
RAJASTHAN
10,RAIL,KOTA,1045.0,30,21.0,105,5,*,Less Receipt - SECL
11,RAIL,SURATGARH,1250.0,30,24.0,20,1,*,**,Less Receipt - SECL
UTTAR PRADESH
12,PITHEAD,ANPARA,1630.0,15,25.8,102,4,*,Less Receipt - NCL
13,RAIL,HARDUAGANJ B,225.0,25,2.8,15,5,*,Less Receipt - CCL
14,RAIL,OBRA,1362.0,20,15.3,83,5,*,Less receipt-CCL NCL
15,RAIL,PANKI,210.0,30,3.3,0,0,*,**,Less Receipt - CCL
16,RAIL,PARICHHA,640.0,30,9.8,8,1,*,**,Less Receipt - CCL
17,RAIL,DADRI (NCTPP),840.0,30,14.2,38,3,*,**,Less Receipt - CCL
18,PITHEAD,RIHAND STPS,2000.0,15,34.0,40,1,*,**,Less Receipt - NCL
19,PITHEAD,SINGRAULI STPS,2000.0,15,32.0,43,1,*,**,Linkage < Demand
20,RAIL,TANDA,440.0,25,7.3,22,3,*,**,Less Receipt - CCL
21,RAIL,UNCHAHAR,1050.0,25,18.3,38,2,*,**,Less receipt-
,CCL BCCL
TOTAL OF THE REGION,18539.5,24,306.8,940,3,17,11
WESTERN
CHHATTISGARH
22,RAIL,KORBA EAST V,500.0,15,10.0,13,1,*,**,Less Receipt - SECL
23,PITHEAD,KORBA-II,440.0,15,8.3,97,12
24,PITHEAD,KORBA-WEST,840.0,15,11.8,349,30
25,PITHEAD,KORBA STPS,2100.0,15,32.7,749,23
26,RAIL,SIPAT STPS,1000.0,20,10.0,90,9
GUJARAT
27,RAIL,GANDHI NAGAR,870.0,30,13.3,186,14
28,RAIL,SIKKA REP.,240.0,30,3.7,74,20
29,RAIL,UKAI,850.0,30,10.6,47,4,*,Less Receipt - SECL
30,RAIL,WANAKBORI,1470.0,30,22.0,41,2,*,**,Less Receipt - SECL
31,RAIL,TORR POWER AEC,390.0,30,5.7,7,1,*,**,Less Receipt - SECL
MADHYA PRADESH
32,PITHEAD,AMAR KANTAK,500.0,15,5.3,99,19
33,RAIL,SANJAY GANDHI,1340.0,20,21.7,97,4,*,Less Receipt - SECL
34,RAIL,SATPURA,1142.5,20,20.7,77,4,*,Less Receipt
35,PITHEAD,VINDHYACHAL STPS,3260.0,15,51.7,39,1,*,**,Less receipt-CCL NCL
MAHARASHTRA
36,RAIL,BHUSAWAL,475.0,25,8.7,10,1,*,**,Inadequate linkage
37,RAIL,CHANDRAPUR,2340.0,20,36.5,50,1,*,**,Inadequate linkage
38,RAIL,KHAPARKHEDA II,840.0,20,15.8,24,2,*,**,Inadequate linkage
39,RAIL,KORADI,1040.0,25,17.3,15,1,*,**,Less Receipt -
,SECL MCL
40,RAIL,NASIK,880.0,25,15.0,11,1,*,**,Less import
41,RAIL,PARLI,920.0,25,13.2,125,9
42,RAIL,PARAS,305.0,20,5.7,15,3,*,**,Less Receipt
43,RAIL,DAHANU,500.0,25,9.7,22,2,*,**,Less Receipt - SECL
,Page 2 of2
,COAL STOCKS POSITION AT VARIOUS THERMAL POWER STATIONS IN THE COUNTRY ( AS ON,26-NOV-2008 )
 REGION/,MODE OF,NAME OF,CAPACITY,NORMAT,DAILY,ACTUAL STOCK,CRITICAL,REASONS FOR
,STATE,TRANSPORT,THERMAL,(MW),IVE,LINKAGE,CRITICAL COAL
,POWER,STOCK,IN '000,IN,000,IN,COAL STOCK,STOCK
,STATION,Reqd. TONNES,TONNES,DAYS
,(DAYS),<7,<4

TOTAL OF THE REGION,22242.5,21,349.4,2236,6,14,11
SOUTHERN
ANDHRA PRADESH
44,RAIL,Dr. N.TATA RAO,1260.0,25,20.0,98,5,*,Less receipt - MCL
45,RAIL,KOTHAGUDEM,1180.0,20,15.8,74,5,*,Linkage < Demand
46,ROAD,RAMAGUNDEM - B,62.5,20,0.8,17,20
47,RAIL,RAYALASEEMA,840.0,25,14.3,85,6,*,Less Receipt
48,PITHEAD,RAMAGUNDEM STPS,2600.0,15,40.7,348,9
49,RAIL,SIMHADRI,1000.0,25,20.0,70,3,*,**,Less Receipt
KARNATAKA
50,RAIL,RAICHUR,1470.0,30,30.3,366,12
TAMIL NADU
51,INTER MODAL ENNORE,450.0,30,7.5,13,2,*,**,Less Receipt -
,MCL ECL
52,INTER MODAL METTUR,840.0,30,15.8,17,1,*,**,Less Receipt
53,INTER MODAL NORTH CHENNAI,630.0,30,13.2,37,3,*,**,Less Receipt -
,MCL ECL
54,INTER MODAL TUTICORIN,1050.0,30,18.5,28,2,*,**,Less Receipt -
,MCL ECL
TOTAL OF THE REGION,11382.5,25,196.9,1153,6,8,5
EASTERN
BIHAR
55,RAIL,BARAUNI,320.0,20,1.0,18,18
56,RAIL,MUZAFFARPUR,220.0,20,1.0,5,5,*,Less Receipt
57,PITHEAD,KAHALGAON,1840.0,15,27.7,0,0
JHARKHAND
61,RAIL,PATRATU,840.0,20,3.7,26,7
62,ROAD,TENUGHAT,420.0,20,3.7,11,3,*,**,Less Receipt - CCL
63,RAIL,BOKARO B,630.0,20,8.3,78,9
64,RAIL,CHANDRAPURA,750.0,20,6.0,25,4,*,Less Receipt - CCL
ORISSA
58,PITHEAD,IB VALLEY,420.0,15,5.3,99,18
59,PITHEAD,TALCHER,470.0,15,7.9,16,2,*,**,Linkage < Demand
60,PITHEAD,TALCHER STPS,3000.0,15,60.0,61,1,*,**,Linkage < Demand
WEST BENGAL
65,RAIL,DURGAPUR,340.0,20,8.7,82,9
66,RAIL,MEJIA,1340.0,20,22.0,39,2,*,**,Unloading Constraint
67,RAIL,BAKRESWAR,840.0,25,13.0,49,4,*,Less receipt - EMTA
68,RAIL,BANDEL,450.0,20,4.7,6,1,*,**,Less receipt - EMTA
69,RAIL,D.P.L.,695.0,20,9.2,114,12
70,RAIL,KOLAGHAT,1260.0,25,18.3,99,5,*,Less receipt - MCL
71,RAIL,SAGARDIGHI TPP,600.0,20,6.7,8,1,*,**,Less receipt - EMTA
72,RAIL,SANTALDIH,730.0,20,6.8,59,9
73,RAIL,BUDGE BUDGE,500.0,20,7.5,55,7
74,RAIL,NEWCOSSIPORE,160.0,20,1.3,19,14
75,RAIL,SOUTHERN REPL.,135.0,25,2.5,11,5,*,Less Receipt
76,RAIL,TITAGARH,240.0,20,3.8,27,7
77,PITHEAD,FARAKKA STPS,1600.0,15,32.3,35,1,*,**,Less Receipt - ECL
TOTAL OF THE REGION,17800.0,18,261.4,942,4,12,7
ALL INDIA TOTAL,69964.5,22,1114,5272,5,51,34

(*) Critical i.e. stock less than 7 days in,51,TPSs,{Includes super critical also}
(**) Super Critical i.e. stock less than 4 days in,34,TPSs
,CENTRAL ELECTRICITY AUTHORITY
,OPERATION MONITORING DIVISION
,DAILY COAL REPORT
,Page 1 of2
,COAL STOCKS POSITION AT VARIOUS THERMAL POWER STATIONS IN THE COUNTRY ( AS ON,27-NOV-2008 )
,REGION/,MODE OF,NAME OF,CAPACITY,NORMA,DAILY,ACTUAL STOCK,CRITICAL,REASONS FOR
,STATE,TRANSPORT,THERMAL,(MW),TIVE,LINKAGE,CRITICAL COAL
,POWER,STOCK,IN '000,IN,000,IN,COAL STOCK,STOCK
,STATION,Reqd.,TONNES,TONNES,DAYS
,(DAYS),<7,<4

NORTHERN
DELHI
1,RAIL,I.P.STATION,247.5,25,3.2,43,13
2,RAIL,RAJGHAT,135.0,25,2.2,25,11
3,RAIL,BADARPUR,705.0,30,14.2,98,7
HARYANA
4,RAIL,FARIDABAD EXT.,180.0,25,2.5,52,21
5,RAIL,PANIPAT,1360.0,25,23.3,25,1,*,** Less Receipt - CCL
6,RAIL,YAMUNA NAGAR TP,600.0,25,8.8,0,0,*,** Less Receipt - CCL
PUNJAB
7,RAIL,GHTP (LEH.MOH.),920.0,30,15.8,74,5,*,Less Receipt
8,RAIL,GNDTP(BHATINDA),440.0,30,8.2,36,4,*,Less Receipt - CCL
9,RAIL,ROPAR,1260.0,30,20.8,61,3,*,** Less Receipt - CCL
RAJASTHAN
10,RAIL,KOTA,1045.0,30,21.0,81,4,*,Less Receipt - SECL
11,RAIL,SURATGARH,1250.0,30,24.0,14,1,*,** Less Receipt - SECL
UTTAR PRADESH
12,PITHEAD,ANPARA,1630.0,15,25.8,108,4,*,Less Receipt - NCL
13,RAIL,HARDUAGANJ B,225.0,25,2.8,17,6,*,Less Receipt - CCL
14,RAIL,OBRA,1362.0,20,15.3,81,5,*,Less receipt-CCL NCL
15,RAIL,PANKI,210.0,30,3.3,0,0,*,** Less Receipt - CCL
16,RAIL,PARICHHA,640.0,30,9.8,6,1,*,** Less Receipt - CCL
17,RAIL,DADRI (NCTPP),840.0,30,14.2,35,2,*,** Less Receipt - CCL
18,PITHEAD,RIHAND STPS,2000.0,15,34.0,49,1,*,** Less Receipt - NCL
19,PITHEAD,SINGRAULI STPS,2000.0,15,32.0,38,1,*,** Linkage < Demand
20,RAIL,TANDA,440.0,25,7.3,21,3,*,** Less Receipt - CCL
21,RAIL,UNCHAHAR,1050.0,25,18.3,34,2,*,** Less receipt-CCL BCCL
TOTAL OF N.R.,18539.5,24,306.8,897,3,17,11
WESTERN
CHHATTISGARH
22,RAIL,KORBA EAST V,500.0,15,10.0,16,2,*,** Less Receipt - SECL
23,PITHEAD,KORBA-II,440.0,15,8.3,98,12
24,PITHEAD,KORBA-WEST,840.0,15,11.8,346,29
25,PITHEAD,KORBA STPS,2100.0,15,32.7,743,23
26,RAIL,SIPAT STPS,1000.0,20,10.0,89,9
GUJARAT
27,RAIL,GANDHI NAGAR,870.0,30,13.3,185,14
28,RAIL,SIKKA REP.,240.0,30,3.7,71,19
29,RAIL,UKAI,850.0,30,10.6,53,5,*,Less Receipt - SECL
30,RAIL,WANAKBORI,1470.0,30,22.0,39,2,*,** Less Receipt - SECL
31,RAIL,TORR POWER AEC,390.0,30,5.7,5,1,*,** Less Receipt - SECL
MADHYA PRADESH
32,PITHEAD,AMAR KANTAK,500.0,15,5.3,99,19
33,RAIL,SANJAY GANDHI,1340.0,20,21.7,89,4,*,Less Receipt - SECL
34,RAIL,SATPURA,1142.5,20,20.7,73,4,*,Less Receipt
35,PITHEAD,VINDHYACHAL STPS,3260.0,15,51.7,37,1,*,** Less receipt-CCL NCL
MAHARASHTRA
36,RAIL,BHUSAWAL,475.0,25,8.7,10,1,*,** Inadequate linkage
37,RAIL,CHANDRAPUR,2340.0,20,36.5,44,1,*,** Inadequate linkage
38,RAIL,KHAPARKHEDA II,840.0,20,15.8,22,1,*,** Inadequate linkage
39,RAIL,KORADI,1040.0,25,17.3,15,1,*,** Less Receipt -
,SECL MCL
40,RAIL,NASIK,880.0,25,15.0,12,1,*,** Less import
41,RAIL,PARLI,920.0,25,13.2,125,9
42,RAIL,PARAS,305.0,20,5.7,17,3,*,** Less Receipt
43,RAIL,DAHANU,500.0,25,9.7,24,3,*,** Less Receipt - SECL
,Page 2 of2
,COAL STOCKS POSITION AT VARIOUS THERMAL POWER STATIONS IN THE COUNTRY ( AS ON,27-NOV-2008 )
 REGION/,MODE OF,NAME OF,CAPACITY,NORMA,DAILY,ACTUAL STOCK,CRITICAL,REASONS FOR
,STATE,TRANSPORT,THERMAL,(MW),TIVE,LINKAGE,CRITICAL COAL
,POWER,STOCK,IN '000,IN,000,IN,COAL STOCK,STOCK
,STATION,Reqd.,TONNES,TONNES,DAYS
,(DAYS),<7,<4

TOTAL OF W.R.,22242.5,21,349.4,2213,6,14,11
SOUTHERN
ANDHRA PRADESH
44,RAIL,Dr. N.TATA RAO,1260.0,25,20.0,103,5,*,Less receipt - MCL
45,RAIL,KOTHAGUDEM,1180.0,20,15.8,77,5,*,Linkage < Demand
46,ROAD,RAMAGUNDEM - B,62.5,20,0.8,17,21
47,RAIL,RAYALASEEMA,840.0,25,14.3,86,6,*,Less Receipt
48,PITHEAD,RAMAGUNDEM STPS,2600.0,15,40.7,343,8
49,RAIL,SIMHADRI,1000.0,25,20.0,66,3,*,** Less Receipt
KARNATAKA
50,RAIL,RAICHUR,1470.0,30,30.3,366,12
TAMIL NADU
51,INTER MODAL ENNORE,450.0,30,7.5,15,2,*,** Less Receipt -
,MCL ECL
52,INTER MODAL METTUR,840.0,30,15.8,18,1,*,** Less Receipt
53,INTER MODAL NORTH CHENNAI,630.0,30,13.2,34,3,*,** Less Receipt -
,MCL ECL
54,INTER MODAL TUTICORIN,1050.0,30,18.5,31,2,*,** Less Receipt -
,MCL ECL
TOTAL OF S.R.,11382.5,25,196.9,1157,6,8,5
EASTERN
BIHAR
55,RAIL,BARAUNI,320.0,20,1.0,18,18
56,RAIL,MUZAFFARPUR,220.0,20,1.0,5,5,*,Less Receipt
57,PITHEAD,KAHALGAON,1840.0,15,27.7,0,0
JHARKHAND
61,RAIL,PATRATU,840.0,20,3.7,26,7
62,ROAD,TENUGHAT,420.0,20,3.7,17,5,*,Less Receipt - CCL
63,RAIL,BOKARO B,630.0,20,8.3,73,9
64,RAIL,CHANDRAPURA,750.0,20,6.0,21,4,*,Less Receipt - CCL
ORISSA
58,PITHEAD,IB VALLEY,420.0,15,5.3,99,19
59,PITHEAD,TALCHER,470.0,15,7.9,15,2,*,** Linkage < Demand
60,PITHEAD,TALCHER STPS,3000.0,15,60.0,69,1,*,** Linkage < Demand
WEST BENGAL
65,RAIL,DURGAPUR,340.0,20,8.7,84,10
66,RAIL,MEJIA,1340.0,20,22.0,42,2,*,** Unloading Constraint
67,RAIL,BAKRESWAR,840.0,25,13.0,50,4,*,Less receipt - EMTA
68,RAIL,BANDEL,450.0,20,4.7,12,3,*,** Less receipt - EMTA
69,RAIL,D.P.L.,695.0,20,9.2,113,12
70,RAIL,KOLAGHAT,1260.0,25,18.3,101,6,*,Less receipt - MCL
71,RAIL,SAGARDIGHI TPP,600.0,20,6.7,7,1,*,** Less receipt - EMTA
72,RAIL,SANTALDIH,730.0,20,6.8,62,9
73,RAIL,BUDGE BUDGE,500.0,20,7.5,55,7
74,RAIL,NEWCOSSIPORE,160.0,20,1.3,18,14
75,RAIL,SOUTHERN REPL.,135.0,25,2.5,13,5,*,Less Receipt
76,RAIL,TITAGARH,240.0,20,3.8,28,7
77,PITHEAD,FARAKKA STPS,1600.0,15,32.3,39,1,*,** Less Receipt - ECL
TOTAL OF E.R.,17800.0,18,261.4,968,4,12,6
ALL INDIA TOTAL,69964.5,22,1114,5236,5,51,33


(*) Critical i.e. stock less than 7 days in,51,TPSs,{Includes super critical also}
(**) Super Critical i.e. stock less than 4 days in,33,TPSs
,CENTRAL ELECTRICITY AUTHORITY
,OPERATION MONITORING DIVISION
,DAILY COAL REPORT
,Page 1 of2
,COAL STOCKS POSITION AT VARIOUS THERMAL POWER STATIONS IN THE COUNTRY ( AS,30-Nov-,)
,REGION/,MODE OF,NAME OF,CAPACITY,NORMAT,DAILY,ACTUAL STOCK,CRITICAL,REASONS FOR
,STATE,TRANSPORT,THERMAL,(MW),IVE,LINKAGE,CRITICAL COAL
,POWER,STOCK,IN '000,IN,000,IN,COAL STOCK,STOCK
,STATION,Reqd. TONNES,TONNES,DAYS
,(DAYS),<7,<4

NORTHERN
DELHI
1,RAIL,I.P.STATION,247.5,25,3.2,41,13
2,RAIL,RAJGHAT,135.0,25,2.2,23,11
3,RAIL,BADARPUR,705.0,30,14.2,83,6,*,Less Receipt
HARYANA
4,RAIL,FARIDABAD EXT.,180.0,25,2.5,49,20
5,RAIL,PANIPAT,1360.0,25,23.3,3,0,*,**,Less Receipt - CCL
6,RAIL,YAMUNA NAGAR TP,600.0,25,8.8,14,2,*,**,Less Receipt - CCL
PUNJAB
7,RAIL,GHTP (LEH.MOH.),920.0,30,15.8,58,4,*,Less Receipt
8,RAIL,GNDTP(BHATINDA),440.0,30,8.2,42,5,*,Less Receipt - CCL
9,RAIL,ROPAR,1260.0,30,20.8,45,2,*,**,Less Receipt - CCL
RAJASTHAN
10,RAIL,KOTA,1045.0,30,21.0,76,4,*,Less Receipt - SECL
11,RAIL,SURATGARH,1250.0,30,24.0,21,1,*,**,Less Receipt - SECL
UTTAR PRADESH
12,PITHEAD,ANPARA,1630.0,15,25.8,125,5,*,Less Receipt - NCL
13,RAIL,HARDUAGANJ B,225.0,25,2.8,10,3,*,**,Less Receipt - CCL
14,RAIL,OBRA,1362.0,20,15.3,88,6,*,Less receipt-CCL NCL
15,RAIL,PANKI,210.0,30,3.3,2,0,*,**,Less Receipt - CCL
16,RAIL,PARICHHA,640.0,30,9.8,1,0,*,**,Less Receipt - CCL
17,RAIL,DADRI (NCTPP),840.0,30,14.2,37,3,*,**,Less Receipt - CCL
18,PITHEAD,RIHAND STPS,2000.0,15,34.0,69,2,*,**,Less Receipt - NCL
19,PITHEAD,SINGRAULI STPS,2000.0,15,32.0,39,1,*,**,Linkage < Demand
20,RAIL,TANDA,440.0,25,7.3,16,2,*,**,Less Receipt - CCL
21,RAIL,UNCHAHAR,1050.0,25,18.3,39,2,*,**,Less receipt-
,CCL BCCL
TOTAL OF N.R.,18539.5,24,306.8,882,3,18,12
WESTERN
CHHATTISGARH
22,RAIL,KORBA EAST V,500.0,15,10.0,11,1,*,**,Less Receipt - SECL
23,PITHEAD,KORBA-II,440.0,15,8.3,94,11
24,PITHEAD,KORBA-WEST,840.0,15,11.8,352,30
25,PITHEAD,KORBA STPS,2100.0,15,32.7,732,22
26,RAIL,SIPAT STPS,1000.0,20,10.0,95,10
GUJARAT
27,RAIL,GANDHI NAGAR,870.0,30,13.3,169,13
28,RAIL,SIKKA REP.,240.0,30,3.7,67,18
29,RAIL,UKAI,850.0,30,10.6,57,5,*,Less Receipt - SECL
30,RAIL,WANAKBORI,1470.0,30,22.0,14,1,*,**,Less Receipt - SECL
31,RAIL,TORR POWER AEC,390.0,30,5.7,1,0,*,**,Less Receipt - SECL
MADHYA PRADESH
32,PITHEAD,AMAR KANTAK,500.0,15,5.3,96,18
33,RAIL,SANJAY GANDHI,1340.0,20,21.7,86,4,*,Less Receipt - SECL
34,RAIL,SATPURA,1142.5,20,20.7,48,2,*,**,Less Receipt
35,PITHEAD,VINDHYACHAL STPS,3260.0,15,51.7,43,1,*,**,Less receipt-CCL NCL
MAHARASHTRA
36,RAIL,BHUSAWAL,475.0,25,8.7,14,2,*,**,Inadequate linkage
37,RAIL,CHANDRAPUR,2340.0,20,36.5,50,1,*,**,Inadequate linkage
38,RAIL,KHAPARKHEDA II,840.0,20,15.8,30,2,*,**,Inadequate linkage
39,RAIL,KORADI,1040.0,25,17.3,19,1,*,**,Less Receipt -
,SECL MCL
40,RAIL,NASIK,880.0,25,15.0,18,1,*,**,Less import
41,RAIL,PARLI,920.0,25,13.2,122,9
42,RAIL,PARAS,305.0,20,5.7,16,3,*,**,Less Receipt
43,RAIL,DAHANU,500.0,25,9.7,78,8
,Page 2 of2
,COAL STOCKS POSITION AT VARIOUS THERMAL POWER STATIONS IN THE COUNTRY ( AS,30-Nov-,)
 REGION/,MODE OF,NAME OF,CAPACITY,NORMAT,DAILY,ACTUAL STOCK,CRITICAL,REASONS FOR
,STATE,TRANSPORT,THERMAL,(MW),IVE,LINKAGE,CRITICAL COAL
,POWER,STOCK,IN '000,IN,000,IN,COAL STOCK,STOCK
,STATION,Reqd. TONNES,TONNES,DAYS
,(DAYS),<7,<4

TOTAL OF W.R.,22242.5,21,349.4,2213,6,13,11
SOUTHERN
ANDHRA PRADESH
44,RAIL,Dr. N.TATA RAO,1260.0,25,20.0,108,5,*,Less receipt - MCL
45,RAIL,KOTHAGUDEM,1180.0,20,15.8,74,5,*,Linkage < Demand
46,ROAD,RAMAGUNDEM - B,62.5,20,0.8,17,21
47,RAIL,RAYALASEEMA,840.0,25,14.3,92,6,*,Less Receipt
48,PITHEAD,RAMAGUNDEM STPS,2600.0,15,40.7,341,8
49,RAIL,SIMHADRI,1000.0,25,20.0,71,4,*,Less Receipt
KARNATAKA
50,RAIL,RAICHUR,1470.0,30,30.3,386,13
TAMIL NADU
51,INTER MODAL ENNORE,450.0,30,7.5,12,2,*,**,Less Receipt -
,MCL ECL
52,INTER MODAL METTUR,840.0,30,15.8,12,1,*,**,Less Receipt
53,INTER MODAL NORTH CHENNAI,630.0,30,13.2,47,4,*,Less Receipt -
,MCL ECL
54,INTER MODAL TUTICORIN,1050.0,30,18.5,12,1,*,**,Less Receipt -
,MCL ECL
TOTAL OF S.R.,11382.5,25,196.9,1172,6,8,3
EASTERN
BIHAR
55,RAIL,BARAUNI,320.0,20,1.0,18,18
56,RAIL,MUZAFFARPUR,220.0,20,1.0,2,2,*,**,Less Receipt
57,PITHEAD,KAHALGAON,1840.0,15,27.7,0,0,*,**,Less Receipt - ECL
JHARKHAND
61,RAIL,PATRATU,840.0,20,3.7,25,7
62,ROAD,TENUGHAT,420.0,20,3.7,17,5,*,Less Receipt - CCL
63,RAIL,BOKARO B,630.0,20,8.3,70,8
64,RAIL,CHANDRAPURA,750.0,20,6.0,16,3,*,**,Less Receipt - CCL
ORISSA
58,PITHEAD,IB VALLEY,420.0,15,5.3,110,21
59,PITHEAD,TALCHER,470.0,15,7.9,15,2,*,**,Linkage < Demand
60,PITHEAD,TALCHER STPS,3000.0,15,60.0,61,1,*,**,Linkage < Demand
WEST BENGAL
65,RAIL,DURGAPUR,340.0,20,8.7,86,10
66,RAIL,MEJIA,1340.0,20,22.0,45,2,*,**,Unloading Constraint
67,RAIL,BAKRESWAR,840.0,25,13.0,48,4,*,Less receipt - EMTA
68,RAIL,BANDEL,450.0,20,4.7,12,3,*,**,Less receipt - EMTA
69,RAIL,D.P.L.,695.0,20,9.2,119,13
70,RAIL,KOLAGHAT,1260.0,25,18.3,111,6,*,Less receipt - MCL
71,RAIL,SAGARDIGHI TPP,600.0,20,6.7,15,2,*,**,Less receipt - EMTA
72,RAIL,SANTALDIH,730.0,20,6.8,60,9
73,RAIL,BUDGE BUDGE,500.0,20,7.5,52,7
74,RAIL,NEWCOSSIPORE,160.0,20,1.3,19,14
75,RAIL,SOUTHERN REPL.,135.0,25,2.5,18,7
76,RAIL,TITAGARH,240.0,20,3.8,36,9
77,PITHEAD,FARAKKA STPS,1600.0,15,32.3,50,2,*,**,Less Receipt - ECL
TOTAL OF E.R.,17800.0,18,261.4,1006,4,12,9
ALL INDIA TOTAL,69964.5,22,1114,5273,5,51,35

(*) Critical i.e. stock less than 7 days in,51,TPSs,{Includes super critical also}
(**) Super Critical i.e. stock less than 4 days in,35,TPSs

