,DAILY REPORT OF HYDRO RESERVOIRS FOR,01-Apr-2009,1
,FULL,PRESENT,RESERVIOR,MIN. DRAW,ANNUAL,ENERGY ENERGY,EFF.,EFF. CAP,CUMMULATIVE
,RESERVOIR,RESERVOIR,LEVEL ON,DOWN,DESIGN,CONTENT CONTENT,CAP.,AT,ENERGY
,RESERVOIR,STATE,LEVEL,LEVEL,THE SAME,LEVEL,POTEN-,AT,AT,AT,PRESENT,GEN. FROM
,DAY LAST,TIAL,F.R.L. PRESENT,F.R.L.,LEVEL,1ST. OF
,YEAR,LEVEL,THE MONTH

,M,FT,M,FT,M,FT,M,FT,MU,MU,MU,MCM,MAFT,MCM,MAFT

BHAKRA,PUNJAB,513.59,1685.01,475.79,1561.00,463.3,1520.01,445.62,1462.01,5282.00,1728.80,384.05,6516.07,5.28,1713.10,1.39,8.41


PONG,PUNJAB,426.72,1400.00,402.03,1319.00,393.61,1291.37,384.05,1260.01,1123.00,1084.00,238.20,6946.00,5.63,1844.15,1.50,1.13


RANJIT SAGAR,PUNJAB,527.91,1731.99,497.79,1633.17,496.51,1628.97,487.91,1600.75,1507.00,390.30,79.88,7199.17,5.84,380.27,0.31,1.83


R.P. SAGAR,RAJASTHAN,352.81,1157.51,345.16,1132.42,351.2,1152.23,343.81,1127.99,459.00,175.66,22.58,1568.98,1.27,302.35,0.25,0.00


RIHAND,UTTAR PRADESH,268.22,879.99,268.22,879.98,256.12,840.29,252.98,829.99,920.00,860.50,860.00,5845.50,4.74,5842.64,4.74,0.22


RAM GANGA,UTTARAKHAND,366.00,1200.79,339.25,1113.02,343.36,1126.51,323.00,1059.71,164.00,480.80,92.20,2109.25,1.71,552.37,0.45,0.00


TEHRI,UTTARAKHAND,829.79,2722.41,771.50,2531.17,757.75,2486.06,740.04,2427.95,309.00,1291.49,263.65,2615.00,2.12,665.56,0.54,6.93


SARDAR SAROVAR,GUJARAT,138.68,454.99,115.94,380.38,119.44,391.86,110.84,363.65,5469.00,1817.55,157.47,5760.00,4.67,638.37,0.52,3.45


UKAI,GUJARAT,105.16,345.01,95.38,312.94,97.92,321.26,82.30,270.01,1080.00,813.08,307.48,6619.15,5.37,2734.65,2.22,1.93


GANDHI SAGAR,MADHYA PRADESH,399.90,1312.01,383.32,1257.61,387.13,1270.11,381.00,1250.00,420.48,725.00,33.05,6911.19,5.60,396.69,0.32,0.23


INDIRA SAGAR,MADHYA PRADESH,262.14,860.04,247.57,812.24,247.9,813.32,243.24,798.03,2628.00,1316.12,145.39,9706.00,7.87,1124.74,0.91,3.59


BHIRA,MAHARASHTRA,606.03,1988.29,606.03,1988.29,606.03,1988.29,590.09,1935.99,790.00,618.80,617.58,522.76,0.42,521.73,0.42,1.45


KOYNA,MAHARASHTRA,657.91,2158.50,648.64,2128.10,646.66,2121.59,609.60,2000.00,3130.00,3126.10,2059.80,2677.14,2.17,1757.50,1.42,12.66


MACHKUND,ANDHRA PRADESH,838.20,2750.00,830.31,2724.11,836.52,2744.49,513.59,1685.01,670.00,551.60,221.58,892.55,0.72,358.53,0.29,1.34


NAGARJUN SAGAR,ANDHRA PRADESH,179.83,589.99,157.34,516.21,157.22,515.81,150.88,495.01,2237.00,1398.13,213.82,6537.80,5.30,1163.09,0.94,0.82


SRISAILAM,ANDHRA PRADESH,269.75,885.01,250.03,820.31,262.46,861.09,243.84,800.00,4300.00,1391.84,142.58,7105.96,5.76,734.07,0.60,6.22


ALMATTI,KARNATAKA,519.62,1704.79,519.62,1704.79,508.8,1669.29,505.97,1660.01,483.00,175.35,175.37,2631.50,2.13,0.00

,133260.00
KALINDI SUPA,KARNATAKA,563.88,1850.00,529.35,1736.71,539.06,1768.57,513.52,1684.78,542.00,2885.00,536.26,108.04,24653.73,19.99,1.78


SHARAVATHY,KARNATAKA,554.43,1819.00,540.61,1773.65,543.87,1784.35,522.73,1714.99,5564.00,4557.03,1343.74,4297.08,3.48,1267.09,1.03,15.98


IDAMALAYAR,KERALA,169.00,554.46,139.17,456.59,147.61,484.28,114.99,377.26,380.00,254.45,73.36,1017.80,0.83,298.19,0.24,0.23


IDUKKI,KERALA,732.35,2402.72,710.90,2332.35,714.94,2345.60,694.94,2279.99,2398.00,2146.32,638.90,1459.50,1.18,466.78,0.38,6.60
,DAILY REPORT OF HYDRO RESERVOIRS FOR,01-Apr-2009,2
,FULL,PRESENT,RESERVIOR,MIN. DRAW,ANNUAL,ENERGY ENERGY,EFF.,EFF. CAP,CUMMULATIVE
,RESERVOIR,RESERVOIR,LEVEL ON,DOWN,DESIGN,CONTENT CONTENT,CAP.,AT,ENERGY
,RESERVOIR,STATE,LEVEL,LEVEL,THE SAME,LEVEL,POTEN-,AT,AT,AT,PRESENT,GEN. FROM
,DAY LAST,TIAL,F.R.L. PRESENT,F.R.L.,LEVEL,1ST. OF
,YEAR,LEVEL,THE MONTH

,M,FT,M,FT,M,FT,M,FT,MU,MU,MU,MCM,MAFT,MCM,MAFT

MADUPATTY,KERALA,1599.38,5247.31,1587.75,5209.15,1593.25,5227.20,1554.48,5100.00,6.40,77.40,38.82,55.32,0.04,27.53,0.02,0.00


SABRIGRI,KERALA,981.46,3220.01,970.62,3184.45,966.75,3171.75,908.30,2979.99,1338.00,764.00,479.53,446.26,0.36,297.86,0.24,3.95


KUNDAH GROUP,TAMIL NADU,1761.81,879,2883.86,1315.00,1270.00,537.00,346.50,0.28,10.16


METTURE,TAMIL NADU,240.79,789.99,221.29,726.02,233.45,765.91,211.23,693.01,790.00,204.00,28.02,2504.70,2.03,475.50,0.39,20.16


PERIYAR,TAMIL NADU,46.33,152.00,33.53,110.01,38.92,127.69,33.53,110.01,409.00,216.00,273.51,0.22,0.03,0.00,0.00


BALIMELA,ORISSA,462.08,1516.01,441.32,1447.90,449.18,1473.69,438.91,1439.99,1183.00,897.75,57.67,2675.96,2.17,171.88,0.14,1.20


HIRAKUD,ORISSA,192.02,629.99,185.17,607.50,186.55,612.04,179.83,589.99,1174.00,372.28,86.20,4709.43,3.82,1293.30,1.05,0.76


INDRAVATI,ORISSA,641.84,2105.77,629.86,2066.47,630.73,2069.32,625.00,2050.52,1962.00,1213.13,139.98,1485.50,1.20,336.27,0.27,1.56


RENGALI,ORISSA,123.44,404.99,114.53,375.75,113.19,371.36,109.72,359.97,525.00,275.00,50.92,3167.81,2.57,647.17,0.52,0.20


UPPER KOLAB,ORISSA,857.78,2814.24,857.78,2814.24,849.85,2788.22,843.78,2768.31,832.00,540.00,539.98,935.00,0.76,934.96,0.76,0.53


LOKTAK,MANIPUR,768.50,2521.33,768.50,2521.33,767.88,2519.29,766.01,2513.16,450.00,250.00,250.02,0.00,0.00,0.55


** BHAKRA - POTENTIAL OF 5282 MU INCLUDES THOSE OF GANGWAL AND KOTLA STATIONS AND CORRESPONDS TO A DRY YEAR. THE POTENTIAL FOR A DEPENDABLE YEAR IS 6057 MU.
*** INCLUDES GANGUWAL & KOTLA.
$ UKAI - THE POTENTIAL FOR DEPENDABLE YEAR DURING THE INITIAL YEAR IS 1080 MU AND WOULD REDUCE TO 605 MU AS AND WHEN UPSTREAM IRRIGATION DEVELOPS.
$$ ENERGY CONTENT AT GANDHI SAGAR INCLUDES FOR GENERATION AT R.P.SAGAR AND JAWAHAR SAGAR.
@ KOYNA - POTENTIAL OF 3523 MU IS CORRESPONDING TO 87 TMC OF WATER AVAILABLE FOR POWER GENERATION AS PER KRISHNA WATER DISPUTE TRIBUNAL AWARD FOR KOYNA I,II,III & IV.
* RANJIT SAGAR - ENERGY CONTENT AT F.R.L. WORKED OUT CONSIDERING NIL INFLOW IN THE RESERVIOR.
,DAILY REPORT OF HYDRO RESERVOIRS FOR,07-Apr-2009,1
,FULL,PRESENT,RESERVIOR,MIN. DRAW,ANNUAL,ENERGY ENERGY,EFF.,EFF. CAP,CUMMULATIVE
,RESERVOIR,RESERVOIR,LEVEL ON,DOWN,DESIGN,CONTENT CONTENT,CAP.,AT,ENERGY
,RESERVOIR,STATE,LEVEL,LEVEL,THE SAME,LEVEL,POTEN-,AT,AT,AT,PRESENT,GEN. FROM
,DAY LAST,TIAL,F.R.L. PRESENT,F.R.L.,LEVEL,1ST. OF
,YEAR,LEVEL,THE MONTH

,M,FT,M,FT,M,FT,M,FT,MU,MU,MU,MCM,MAFT,MCM,MAFT

BHAKRA,PUNJAB,513.59,1685.01,474.92,1558.13,462.01,1515.78,445.62,1462.01,5282.00,1728.80,365.99,6516.07,5.28,1640.20,1.33,56.68


PONG,PUNJAB,426.72,1400.00,402.24,1319.70,393.55,1291.17,384.05,1260.01,1123.00,1084.00,242.54,6946.00,5.63,1874.63,1.52,5.26


RANJIT SAGAR,PUNJAB,527.91,1731.99,498.39,1635.14,497.51,1632.25,487.91,1600.75,1507.00,390.30,85.52,7199.17,5.84,403.13,0.33,11.89


R.P. SAGAR,RAJASTHAN,352.81,1157.51,345.22,1132.60,351.06,1151.77,343.81,1127.99,459.00,175.66,23.52,1568.98,1.27,310.34,0.25,0.00


RIHAND,UTTAR PRADESH,268.22,879.99,257.37,844.40,268.22,879.99,252.98,829.99,920.00,860.50,173.80,5845.50,4.74,1262.63,1.02,5.10


RAM GANGA,UTTARAKHAND,366.00,1200.79,339.29,1113.16,342.42,1123.43,323.00,1059.71,164.00,480.80,92.62,2109.25,1.71,555.82,0.45,0.00


TEHRI,UTTARAKHAND,829.79,2722.41,768.25,2520.51,755.5,2478.67,740.04,2427.95,309.00,1291.49,228.14,2615.00,2.12,583.93,0.47,40.15


SARDAR SAROVAR,GUJARAT,138.68,454.99,115.94,380.38,119.34,391.54,110.84,363.65,5469.00,1817.55,157.47,5760.00,4.67,638.37,0.52,24.15


UKAI,GUJARAT,105.16,345.01,94.91,311.39,97.62,320.28,82.30,270.01,1080.00,813.08,291.49,6619.15,5.37,2575.20,2.09,14.05


GANDHI SAGAR,MADHYA PRADESH,399.90,1312.01,383.17,1257.12,387.04,1269.82,381.00,1250.00,420.48,725.00,30.60,6911.19,5.60,360.42,0.29,1.38


INDIRA SAGAR,MADHYA PRADESH,262.14,860.04,247.32,811.42,247.7,812.66,243.24,798.03,2628.00,1316.12,135.84,9706.00,7.87,1049.12,0.85,22.18


BHIRA,MAHARASHTRA,606.03,1988.29,606.03,1988.29,597.86,1961.48,590.09,1935.99,790.00,618.80,617.58,522.76,0.42,521.73,0.42,8.89


KOYNA,MAHARASHTRA,657.91,2158.50,647.82,2125.40,645.93,2119.19,609.60,2000.00,3130.00,3126.10,1988.00,2677.14,2.17,1694.20,1.37,95.72


MACHKUND,ANDHRA PRADESH,838.20,2750.00,829.76,2722.31,836.43,2744.19,513.59,1685.01,670.00,551.60,205.07,892.55,0.72,331.82,0.27,10.04


NAGARJUN SAGAR,ANDHRA PRADESH,179.83,589.99,156.94,514.90,156.85,514.60,150.88,495.01,2237.00,1398.13,199.77,6537.80,5.30,1087.52,0.88,8.16


SRISAILAM,ANDHRA PRADESH,269.75,885.01,245.64,805.91,262.31,860.60,243.84,800.00,4300.00,1391.84,34.68,7105.96,5.76,178.52,0.14,24.88


ALMATTI,KARNATAKA,519.62,1704.79,519.62,1704.79,508.78,1669.23,505.97,1660.01,483.00,175.35,175.37,2631.50,2.13,0.40

,133260.00
KALINDI SUPA,KARNATAKA,563.88,1850.00,528.05,1732.45,538.23,1765.85,513.52,1684.78,542.00,2885.00,479.00,108.04,22024.04,17.86,12.26


SHARAVATHY,KARNATAKA,554.43,1819.00,539.88,1771.26,543.2,1782.15,522.73,1714.99,5564.00,4557.03,1241.53,4297.08,3.48,1170.71,0.95,112.28


IDAMALAYAR,KERALA,169.00,554.46,138.40,454.07,146.38,480.25,114.99,377.26,380.00,254.45,69.78,1017.80,0.83,283.78,0.23,2.58


IDUKKI,KERALA,732.35,2402.72,710.09,2329.69,714.15,2343.01,694.94,2279.99,2398.00,2146.32,637.71,1459.50,1.18,438.43,0.36,43.37
,DAILY REPORT OF HYDRO RESERVOIRS FOR,07-Apr-2009,2
,FULL,PRESENT,RESERVIOR,MIN. DRAW,ANNUAL,ENERGY ENERGY,EFF.,EFF. CAP,CUMMULATIVE
,RESERVOIR,RESERVOIR,LEVEL ON,DOWN,DESIGN,CONTENT CONTENT,CAP.,AT,ENERGY
,RESERVOIR,STATE,LEVEL,LEVEL,THE SAME,LEVEL,POTEN-,AT,AT,AT,PRESENT,GEN. FROM
,DAY LAST,TIAL,F.R.L. PRESENT,F.R.L.,LEVEL,1ST. OF
,YEAR,LEVEL,THE MONTH

,M,FT,M,FT,M,FT,M,FT,MU,MU,MU,MCM,MAFT,MCM,MAFT

MADUPATTY,KERALA,1599.38,5247.31,1586.75,5205.87,1592.35,5224.25,1554.48,5100.00,6.40,77.40,36.00,55.32,0.04,25.53,0.02,0.00


SABRIGRI,KERALA,981.46,3220.01,969.87,3181.99,965.76,3168.50,908.30,2979.99,1338.00,764.00,464.92,446.26,0.36,288.78,0.23,22.74


KUNDAH GROUP,TAMIL NADU,1627.30,833,2732.94,1315.00,1270.00,496.00,346.50,0.28,70.99


METTURE,TAMIL NADU,240.79,789.99,221.32,726.12,233.84,767.19,211.23,693.01,790.00,204.00,28.12,2504.70,2.03,477.45,0.39,140.53


PERIYAR,TAMIL NADU,46.33,152.00,33.53,110.01,39.62,129.99,33.53,110.01,409.00,216.00,273.51,0.22,0.03,0.00,0.00


BALIMELA,ORISSA,462.08,1516.01,440.89,1446.50,448.64,1471.92,438.91,1439.99,1183.00,897.75,47.03,2675.96,2.17,140.17,0.11,9.72


HIRAKUD,ORISSA,192.02,629.99,184.85,606.47,186.33,611.32,179.83,589.99,1174.00,372.28,78.94,4709.43,3.82,1185.82,0.96,4.68


INDRAVATI,ORISSA,641.84,2105.77,629.24,2064.44,630.47,2068.47,625.00,2050.52,1962.00,1213.13,122.69,1485.50,1.20,294.45,0.24,20.79


RENGALI,ORISSA,123.44,404.99,114.14,374.48,113.06,370.93,109.72,359.97,525.00,275.00,40.04,3167.81,2.57,582.15,0.47,2.88


UPPER KOLAB,ORISSA,857.78,2814.24,848.29,2783.10,849.66,2787.60,843.78,2768.31,832.00,540.00,102.08,935.00,0.76,219.23,0.18,6.89


LOKTAK,MANIPUR,768.50,2521.33,766.01,2513.16,767.87,2519.26,766.01,2513.16,450.00,250.00,0.66,0.00,0.00,3.85


** BHAKRA - POTENTIAL OF 5282 MU INCLUDES THOSE OF GANGWAL AND KOTLA STATIONS AND CORRESPONDS TO A DRY YEAR. THE POTENTIAL FOR A DEPENDABLE YEAR IS 6057 MU.
*** INCLUDES GANGUWAL & KOTLA.
$ UKAI - THE POTENTIAL FOR DEPENDABLE YEAR DURING THE INITIAL YEAR IS 1080 MU AND WOULD REDUCE TO 605 MU AS AND WHEN UPSTREAM IRRIGATION DEVELOPS.
$$ ENERGY CONTENT AT GANDHI SAGAR INCLUDES FOR GENERATION AT R.P.SAGAR AND JAWAHAR SAGAR.
@ KOYNA - POTENTIAL OF 3523 MU IS CORRESPONDING TO 87 TMC OF WATER AVAILABLE FOR POWER GENERATION AS PER KRISHNA WATER DISPUTE TRIBUNAL AWARD FOR KOYNA I,II,III & IV.
* RANJIT SAGAR - ENERGY CONTENT AT F.R.L. WORKED OUT CONSIDERING NIL INFLOW IN THE RESERVIOR.
,DAILY REPORT OF HYDRO RESERVOIRS FOR,08-Apr-2009,1
,FULL,PRESENT,RESERVIOR,MIN. DRAW,ANNUAL,ENERGY ENERGY,EFF.,EFF. CAP,CUMMULATIVE
,RESERVOIR,RESERVOIR,LEVEL ON,DOWN,DESIGN,CONTENT CONTENT,CAP.,AT,ENERGY
,RESERVOIR,STATE,LEVEL,LEVEL,THE SAME,LEVEL,POTEN-,AT,AT,AT,PRESENT,GEN. FROM
,DAY LAST,TIAL,F.R.L. PRESENT,F.R.L.,LEVEL,1ST. OF
,YEAR,LEVEL,THE MONTH

,M,FT,M,FT,M,FT,M,FT,MU,MU,MU,MCM,MAFT,MCM,MAFT

BHAKRA,PUNJAB,513.59,1685.01,474.76,1557.62,462.03,1515.85,445.62,1462.01,5282.00,1728.80,363.00,6516.07,5.28,1628.04,1.32,63.56


PONG,PUNJAB,426.72,1400.00,402.37,1320.10,393.59,1291.31,384.05,1260.01,1123.00,1084.00,245.06,6946.00,5.63,1892.29,1.53,5.46


RANJIT SAGAR,PUNJAB,527.91,1731.99,498.76,1636.35,497.6,1632.55,487.91,1600.75,1507.00,390.30,89.00,7199.17,5.84,417.22,0.34,12.52


R.P. SAGAR,RAJASTHAN,352.81,1157.51,345.20,1132.55,350.99,1151.54,343.81,1127.99,459.00,175.66,23.26,1568.98,1.27,308.12,0.25,0.00


RIHAND,UTTAR PRADESH,268.22,879.99,268.22,879.98,256.06,840.09,252.98,829.99,920.00,860.50,860.00,5845.50,4.74,5842.64,4.74,5.19


RAM GANGA,UTTARAKHAND,366.00,1200.79,339.30,1113.19,342.16,1122.57,323.00,1059.71,164.00,480.80,92.73,2109.25,1.71,556.69,0.45,0.00


TEHRI,UTTARAKHAND,829.79,2722.41,761.30,2497.70,755,2477.03,740.04,2427.95,309.00,1291.49,159.44,2615.00,2.12,420.60,0.34,45.34


SARDAR SAROVAR,GUJARAT,138.68,454.99,115.66,379.46,119.34,391.54,110.84,363.65,5469.00,1817.55,147.14,5760.00,4.67,598.29,0.49,27.60


UKAI,GUJARAT,105.16,345.01,94.79,310.98,97.57,320.11,82.30,270.01,1080.00,813.08,287.43,6619.15,5.37,2532.77,2.05,17.09


GANDHI SAGAR,MADHYA PRADESH,399.90,1312.01,383.16,1257.10,387.01,1269.72,381.00,1250.00,420.48,725.00,30.50,6911.19,5.60,358.94,0.29,1.44


INDIRA SAGAR,MADHYA PRADESH,262.14,860.04,247.29,811.32,247.62,812.40,243.24,798.03,2628.00,1316.12,134.64,9706.00,7.87,1042.13,0.84,24.40


BHIRA,MAHARASHTRA,606.03,1988.29,590.09,1935.99,597.8,1961.29,590.09,1935.99,790.00,618.80,0.92,522.76,0.42,0.79,0.00,9.78


KOYNA,MAHARASHTRA,657.91,2158.50,647.67,2124.90,645.84,2118.90,609.60,2000.00,3130.00,3126.10,1977.30,2677.14,2.17,1682.70,1.36,106.46


MACHKUND,ANDHRA PRADESH,838.20,2750.00,829.67,2722.01,836.42,2744.16,513.59,1685.01,670.00,551.60,202.42,892.55,0.72,327.54,0.27,11.60


NAGARJUN SAGAR,ANDHRA PRADESH,179.83,589.99,156.64,513.91,156.67,514.01,150.88,495.01,2237.00,1398.13,189.01,6537.80,5.30,1029.62,0.83,9.04


SRISAILAM,ANDHRA PRADESH,269.75,885.01,245.61,805.81,262.4,860.89,243.84,800.00,4300.00,1391.84,34.05,7105.96,5.76,175.32,0.14,24.88


ALMATTI,KARNATAKA,519.62,1704.79,507.53,1665.12,508.78,1669.23,505.97,1660.01,483.00,175.35,4.71,2631.50,2.13,85.59,0.07,0.40

,133260.00
KALINDI SUPA,KARNATAKA,563.88,1850.00,527.83,1731.73,538.08,1765.35,513.52,1684.78,542.00,2885.00,469.75,108.04,21602.38,17.51,14.02


SHARAVATHY,KARNATAKA,554.43,1819.00,539.76,1770.87,543.08,1781.76,522.73,1714.99,5564.00,4557.03,1225.26,4297.08,3.48,1155.37,0.94,127.00


IDAMALAYAR,KERALA,169.00,554.46,138.24,453.54,146.15,479.49,114.99,377.26,380.00,254.45,69.04,1017.80,0.83,280.79,0.23,3.18


IDUKKI,KERALA,732.35,2402.72,709.96,2329.27,713.97,2342.42,694.94,2279.99,2398.00,2146.32,637.52,1459.50,1.18,433.87,0.35,49.55
,DAILY REPORT OF HYDRO RESERVOIRS FOR,08-Apr-2009,2
,FULL,PRESENT,RESERVIOR,MIN. DRAW,ANNUAL,ENERGY ENERGY,EFF.,EFF. CAP,CUMMULATIVE
,RESERVOIR,RESERVOIR,LEVEL ON,DOWN,DESIGN,CONTENT CONTENT,CAP.,AT,ENERGY
,RESERVOIR,STATE,LEVEL,LEVEL,THE SAME,LEVEL,POTEN-,AT,AT,AT,PRESENT,GEN. FROM
,DAY LAST,TIAL,F.R.L. PRESENT,F.R.L.,LEVEL,1ST. OF
,YEAR,LEVEL,THE MONTH

,M,FT,M,FT,M,FT,M,FT,MU,MU,MU,MCM,MAFT,MCM,MAFT

MADUPATTY,KERALA,1599.38,5247.31,1599.38,5247.31,1592.3,5224.08,1554.48,5100.00,6.40,77.40,77.39,55.32,0.04,55.31,0.04,0.00


SABRIGRI,KERALA,981.46,3220.01,969.78,3181.69,965.5,3167.65,908.30,2979.99,1338.00,764.00,463.18,446.26,0.36,287.69,0.23,25.44


KUNDAH GROUP,TAMIL NADU,5205.05,823,2700.13,1315.00,1270.00,1586.50,346.50,0.28,81.12


METTURE,TAMIL NADU,240.79,789.99,221.32,726.12,233.88,767.32,211.23,693.01,790.00,204.00,28.12,2504.70,2.03,477.45,0.39,160.69


PERIYAR,TAMIL NADU,46.33,152.00,33.53,110.01,39.72,130.31,33.53,110.01,409.00,216.00,273.51,0.22,0.03,0.00,0.00


BALIMELA,ORISSA,462.08,1516.01,440.86,1446.40,448.57,1471.69,438.91,1439.99,1183.00,897.75,46.27,2675.96,2.17,137.90,0.11,11.08


HIRAKUD,ORISSA,192.02,629.99,184.80,606.31,186.27,611.12,179.83,589.99,1174.00,372.28,77.82,4709.43,3.82,1168.45,0.95,5.22


INDRAVATI,ORISSA,641.84,2105.77,629.16,2064.17,630.41,2068.27,625.00,2050.52,1962.00,1213.13,120.45,1485.50,1.20,289.09,0.23,26.81


RENGALI,ORISSA,123.44,404.99,114.08,374.28,113.04,370.87,109.72,359.97,525.00,275.00,38.36,3167.81,2.57,572.14,0.46,3.78


UPPER KOLAB,ORISSA,857.78,2814.24,848.22,2782.87,849.62,2787.47,843.78,2768.31,832.00,540.00,100.73,935.00,0.76,216.97,0.18,9.29


LOKTAK,MANIPUR,768.50,2521.33,768.50,2521.33,767.84,2519.16,766.01,2513.16,450.00,250.00,250.02,0.00,0.00,4.40


** BHAKRA - POTENTIAL OF 5282 MU INCLUDES THOSE OF GANGWAL AND KOTLA STATIONS AND CORRESPONDS TO A DRY YEAR. THE POTENTIAL FOR A DEPENDABLE YEAR IS 6057 MU.
*** INCLUDES GANGUWAL & KOTLA.
$ UKAI - THE POTENTIAL FOR DEPENDABLE YEAR DURING THE INITIAL YEAR IS 1080 MU AND WOULD REDUCE TO 605 MU AS AND WHEN UPSTREAM IRRIGATION DEVELOPS.
$$ ENERGY CONTENT AT GANDHI SAGAR INCLUDES FOR GENERATION AT R.P.SAGAR AND JAWAHAR SAGAR.
@ KOYNA - POTENTIAL OF 3523 MU IS CORRESPONDING TO 87 TMC OF WATER AVAILABLE FOR POWER GENERATION AS PER KRISHNA WATER DISPUTE TRIBUNAL AWARD FOR KOYNA I,II,III & IV.
* RANJIT SAGAR - ENERGY CONTENT AT F.R.L. WORKED OUT CONSIDERING NIL INFLOW IN THE RESERVIOR.
,DAILY REPORT OF HYDRO RESERVOIRS FOR,12-Apr-2009,1
,FULL,PRESENT,RESERVIOR,MIN. DRAW,ANNUAL,ENERGY ENERGY,EFF.,EFF. CAP,CUMMULATIVE
,RESERVOIR,RESERVOIR,LEVEL ON,DOWN,DESIGN,CONTENT CONTENT,CAP.,AT,ENERGY
,RESERVOIR,STATE,LEVEL,LEVEL,THE SAME,LEVEL,POTEN-,AT,AT,AT,PRESENT,GEN. FROM
,DAY LAST,TIAL,F.R.L. PRESENT,F.R.L.,LEVEL,1ST. OF
,YEAR,LEVEL,THE MONTH

,M,FT,M,FT,M,FT,M,FT,MU,MU,MU,MCM,MAFT,MCM,MAFT

BHAKRA,PUNJAB,513.59,1685.01,474.42,1556.51,461.87,1515.32,445.62,1462.01,5282.00,1728.80,356.61,6516.07,5.28,1601.58,1.30,90.05


PONG,PUNJAB,426.72,1400.00,402.53,1320.64,393.7,1291.67,384.05,1260.01,1123.00,1084.00,248.62,6946.00,5.63,1917.12,1.55,5.46


RANJIT SAGAR,PUNJAB,527.91,1731.99,500.20,1641.08,497.7,1632.87,487.91,1600.75,1507.00,390.30,103.07,7199.17,5.84,474.31,0.38,16.83


R.P. SAGAR,RAJASTHAN,352.81,1157.51,345.26,1132.74,351.06,1151.77,343.81,1127.99,459.00,175.66,24.26,1568.98,1.27,316.56,0.26,0.00


RIHAND,UTTAR PRADESH,268.22,879.99,257.25,844.00,256.03,839.99,252.98,829.99,920.00,860.50,168.75,5845.50,4.74,1234.05,1.00,7.22


RAM GANGA,UTTARAKHAND,366.00,1200.79,339.31,1113.22,341.66,1120.93,323.00,1059.71,164.00,480.80,92.83,2109.25,1.71,557.56,0.45,0.07


TEHRI,UTTARAKHAND,829.79,2722.41,765.70,2512.14,754.1,2474.08,740.04,2427.95,309.00,1291.49,202.49,2615.00,2.12,524.00,0.42,71.17


SARDAR SAROVAR,GUJARAT,138.68,454.99,121.00,396.98,119.2,391.08,110.84,363.65,5469.00,1817.55,371.68,5760.00,4.67,1399.28,1.13,41.40


UKAI,GUJARAT,105.16,345.01,94.49,310.00,94.44,309.84,82.30,270.01,1080.00,813.08,277.92,6619.15,5.37,2434.87,1.97,28.23


GANDHI SAGAR,MADHYA PRADESH,399.90,1312.01,383.44,1258.00,387,1269.69,381.00,1250.00,420.48,725.00,35.00,6911.19,5.60,413.22,0.34,1.68


INDIRA SAGAR,MADHYA PRADESH,262.14,860.04,248.00,813.65,243.24,798.03,243.24,798.03,2628.00,1316.12,163.10,9706.00,7.87,1287.70,1.04,33.79


BHIRA,MAHARASHTRA,606.03,1988.29,602.03,1975.16,597.67,1960.86,590.09,1935.99,790.00,618.80,436.14,522.76,0.42,368.45,0.30,13.34


KOYNA,MAHARASHTRA,657.91,2158.50,646.85,2122.20,645.29,2117.09,609.60,2000.00,3130.00,3126.10,1909.80,2677.14,2.17,1620.60,1.31,168.46


MACHKUND,ANDHRA PRADESH,838.20,2750.00,829.22,2720.54,836.39,2744.06,513.59,1685.01,670.00,551.60,189.59,892.55,0.72,306.78,0.25,17.84


NAGARJUN SAGAR,ANDHRA PRADESH,179.83,589.99,164.19,538.68,159.61,523.65,150.88,495.01,2237.00,1398.13,488.20,6537.80,5.30,2557.38,2.07,12.06


SRISAILAM,ANDHRA PRADESH,269.75,885.01,245.55,805.61,262.25,860.40,243.84,800.00,4300.00,1391.84,32.81,7105.96,5.76,168.93,0.14,24.88


ALMATTI,KARNATAKA,519.62,1704.79,507.43,1664.80,508.78,1669.23,505.97,1660.01,483.00,175.35,4.41,2631.50,2.13,81.09,0.07,0.40

,133260.00
KALINDI SUPA,KARNATAKA,563.88,1850.00,526.89,1728.64,537.79,1764.40,513.52,1684.78,542.00,2885.00,430.26,108.04,19791.40,16.05,20.97


SHARAVATHY,KARNATAKA,554.43,1819.00,539.22,1769.09,542.86,1781.04,522.73,1714.99,5564.00,4557.03,1154.10,4297.08,3.48,1088.27,0.88,186.08


IDAMALAYAR,KERALA,169.00,554.46,137.66,451.64,145.68,477.95,114.99,377.26,380.00,254.45,66.36,1017.80,0.83,269.94,0.22,5.27


IDUKKI,KERALA,732.35,2402.72,709.56,2327.95,713.64,2341.34,694.94,2279.99,2398.00,2146.32,617.45,1459.50,1.18,419.87,0.34,71.72
,DAILY REPORT OF HYDRO RESERVOIRS FOR,12-Apr-2009,2
,FULL,PRESENT,RESERVIOR,MIN. DRAW,ANNUAL,ENERGY ENERGY,EFF.,EFF. CAP,CUMMULATIVE
,RESERVOIR,RESERVOIR,LEVEL ON,DOWN,DESIGN,CONTENT CONTENT,CAP.,AT,ENERGY
,RESERVOIR,STATE,LEVEL,LEVEL,THE SAME,LEVEL,POTEN-,AT,AT,AT,PRESENT,GEN. FROM
,DAY LAST,TIAL,F.R.L. PRESENT,F.R.L.,LEVEL,1ST. OF
,YEAR,LEVEL,THE MONTH

,M,FT,M,FT,M,FT,M,FT,MU,MU,MU,MCM,MAFT,MCM,MAFT

MADUPATTY,KERALA,1599.38,5247.31,1585.75,5202.59,1591.95,5222.93,1554.48,5100.00,6.40,77.40,33.27,55.32,0.04,23.59,0.02,0.00


SABRIGRI,KERALA,981.46,3220.01,969.42,3180.51,965.03,3166.11,908.30,2979.99,1338.00,764.00,456.22,446.26,0.36,283.37,0.23,36.14


KUNDAH GROUP,TAMIL NADU,1515.75,769,2522.97,1315.00,1270.00,462.00,346.50,0.28,121.64


METTURE,TAMIL NADU,240.79,789.99,221.27,725.95,233.95,767.55,211.23,693.01,790.00,204.00,27.95,2504.70,2.03,474.20,0.38,241.29


PERIYAR,TAMIL NADU,46.33,152.00,33.56,110.10,39.93,131.00,33.53,110.01,409.00,216.00,273.51,0.22,0.48,0.00,0.00


BALIMELA,ORISSA,462.08,1516.01,440.74,1446.00,448.45,1471.29,438.91,1439.99,1183.00,897.75,43.23,2675.96,2.17,128.84,0.10,18.00


HIRAKUD,ORISSA,192.02,629.99,184.42,605.04,186.16,610.76,179.83,589.99,1174.00,372.28,69.22,4709.43,3.82,1049.54,0.85,7.79


INDRAVATI,ORISSA,641.84,2105.77,628.62,2062.40,630.29,2067.88,625.00,2050.52,1962.00,1213.13,105.40,1485.50,1.20,252.96,0.21,52.44


RENGALI,ORISSA,123.44,404.99,113.64,372.83,112.95,370.57,109.72,359.97,525.00,275.00,33.09,3167.81,2.57,498.84,0.40,7.94


UPPER KOLAB,ORISSA,857.78,2814.24,847.72,2781.23,849.49,2787.04,843.78,2768.31,832.00,540.00,78.97,935.00,0.76,178.94,0.15,19.40


LOKTAK,MANIPUR,768.50,2521.33,767.07,2516.63,767.82,2519.09,766.01,2513.16,450.00,250.00,36.27,0.00,0.00,6.59


** BHAKRA - POTENTIAL OF 5282 MU INCLUDES THOSE OF GANGWAL AND KOTLA STATIONS AND CORRESPONDS TO A DRY YEAR. THE POTENTIAL FOR A DEPENDABLE YEAR IS 6057 MU.
*** INCLUDES GANGUWAL & KOTLA.
$ UKAI - THE POTENTIAL FOR DEPENDABLE YEAR DURING THE INITIAL YEAR IS 1080 MU AND WOULD REDUCE TO 605 MU AS AND WHEN UPSTREAM IRRIGATION DEVELOPS.
$$ ENERGY CONTENT AT GANDHI SAGAR INCLUDES FOR GENERATION AT R.P.SAGAR AND JAWAHAR SAGAR.
@ KOYNA - POTENTIAL OF 3523 MU IS CORRESPONDING TO 87 TMC OF WATER AVAILABLE FOR POWER GENERATION AS PER KRISHNA WATER DISPUTE TRIBUNAL AWARD FOR KOYNA I,II,III & IV.
* RANJIT SAGAR - ENERGY CONTENT AT F.R.L. WORKED OUT CONSIDERING NIL INFLOW IN THE RESERVIOR.
,DAILY REPORT OF HYDRO RESERVOIRS FOR,14-Apr-2009,1
,FULL,PRESENT,RESERVIOR,MIN. DRAW,ANNUAL,ENERGY ENERGY,EFF.,EFF. CAP,CUMMULATIVE
,RESERVOIR,RESERVOIR,LEVEL ON,DOWN,DESIGN,CONTENT CONTENT,CAP.,AT,ENERGY
,RESERVOIR,STATE,LEVEL,LEVEL,THE SAME,LEVEL,POTEN-,AT,AT,AT,PRESENT,GEN. FROM
,DAY LAST,TIAL,F.R.L. PRESENT,F.R.L.,LEVEL,1ST. OF
,YEAR,LEVEL,THE MONTH

,M,FT,M,FT,M,FT,M,FT,MU,MU,MU,MCM,MAFT,MCM,MAFT

BHAKRA,PUNJAB,513.59,1685.01,474.20,1555.76,461.9,1515.42,445.62,1462.01,5282.00,1728.80,352.26,6516.07,5.28,1583.70,1.28,103.21


PONG,PUNJAB,426.72,1400.00,402.61,1320.89,393.91,1292.36,384.05,1260.01,1123.00,1084.00,250.27,6946.00,5.63,1928.61,1.56,5.82


RANJIT SAGAR,PUNJAB,527.91,1731.99,500.42,1641.80,498.51,1635.53,487.91,1600.75,1507.00,390.30,105.72,7199.17,5.84,485.08,0.39,23.42


R.P. SAGAR,RAJASTHAN,352.81,1157.51,345.31,1132.91,351.17,1152.13,343.81,1127.99,459.00,175.66,25.15,1568.98,1.27,324.10,0.26,0.00


RIHAND,UTTAR PRADESH,268.22,879.99,257.28,844.10,255.91,839.60,252.98,829.99,920.00,860.50,169.82,5845.50,4.74,1231.45,1.00,11.15


RAM GANGA,UTTARAKHAND,366.00,1200.79,339.30,1113.19,340.69,1117.75,323.00,1059.71,164.00,480.80,92.73,2109.25,1.71,556.69,0.45,0.25


TEHRI,UTTARAKHAND,829.79,2722.41,764.50,2508.20,752.45,2468.67,740.04,2427.95,309.00,1291.49,190.60,2615.00,2.12,495.80,0.40,84.62


SARDAR SAROVAR,GUJARAT,138.68,454.99,121.00,396.98,118.95,390.26,110.84,363.65,5469.00,1817.55,371.68,5760.00,4.67,1399.28,1.13,48.30


UKAI,GUJARAT,105.16,345.01,94.34,309.52,97.13,318.67,82.30,270.01,1080.00,813.08,273.17,6619.15,5.37,2386.27,1.93,31.73


GANDHI SAGAR,MADHYA PRADESH,399.90,1312.01,383.44,1258.00,386.75,1268.86,381.00,1250.00,420.48,725.00,35.00,6911.19,5.60,413.22,0.34,1.80


INDIRA SAGAR,MADHYA PRADESH,262.14,860.04,247.14,810.83,247.37,811.58,243.24,798.03,2628.00,1316.12,128.67,9706.00,7.87,1006.95,0.82,40.90


BHIRA,MAHARASHTRA,606.03,1988.29,602.00,1975.07,597.5,1960.30,590.09,1935.99,790.00,618.80,434.84,522.76,0.42,367.35,0.30,14.69


KOYNA,MAHARASHTRA,657.91,2158.50,644.65,2115.00,644.8,2115.49,609.60,2000.00,3130.00,3126.10,1725.50,2677.14,2.17,1461.50,1.18,223.12


MACHKUND,ANDHRA PRADESH,838.20,2750.00,829.07,2720.05,836.33,2743.86,513.59,1685.01,670.00,551.60,185.37,892.55,0.72,299.95,0.24,20.95


NAGARJUN SAGAR,ANDHRA PRADESH,179.83,589.99,155.23,509.28,157.15,515.58,150.88,495.01,2237.00,1398.13,139.61,6537.80,5.30,763.82,0.62,12.65


SRISAILAM,ANDHRA PRADESH,269.75,885.01,245.49,805.41,261.49,857.91,243.84,800.00,4300.00,1391.84,31.57,7105.96,5.76,162.55,0.13,24.88


ALMATTI,KARNATAKA,519.62,1704.79,507.39,1664.67,508.78,1669.23,505.97,1660.01,483.00,175.35,4.28,2631.50,2.13,79.28,0.06,0.49

,133260.00
KALINDI SUPA,KARNATAKA,563.88,1850.00,526.41,1727.07,537.03,1761.91,513.52,1684.78,542.00,2885.00,410.33,108.04,18888.34,15.31,23.93


SHARAVATHY,KARNATAKA,554.43,1819.00,538.95,1768.21,542.39,1779.49,522.73,1714.99,5564.00,4557.03,1121.66,4297.08,3.48,1057.68,0.86,218.32


IDAMALAYAR,KERALA,169.00,554.46,137.48,451.05,144.83,475.16,114.99,377.26,380.00,254.45,65.52,1017.80,0.83,266.58,0.22,5.99


IDUKKI,KERALA,732.35,2402.72,709.40,2327.43,713.04,2339.37,694.94,2279.99,2398.00,2146.32,609.21,1459.50,1.18,414.27,0.34,79.08
,DAILY REPORT OF HYDRO RESERVOIRS FOR,14-Apr-2009,2
,FULL,PRESENT,RESERVIOR,MIN. DRAW,ANNUAL,ENERGY ENERGY,EFF.,EFF. CAP,CUMMULATIVE
,RESERVOIR,RESERVOIR,LEVEL ON,DOWN,DESIGN,CONTENT CONTENT,CAP.,AT,ENERGY
,RESERVOIR,STATE,LEVEL,LEVEL,THE SAME,LEVEL,POTEN-,AT,AT,AT,PRESENT,GEN. FROM
,DAY LAST,TIAL,F.R.L. PRESENT,F.R.L.,LEVEL,1ST. OF
,YEAR,LEVEL,THE MONTH

,M,FT,M,FT,M,FT,M,FT,MU,MU,MU,MCM,MAFT,MCM,MAFT

MADUPATTY,KERALA,1599.38,5247.31,1585.25,5200.95,1591.35,5220.96,1554.48,5100.00,6.40,77.40,32.17,55.32,0.04,22.82,0.02,0.00


SABRIGRI,KERALA,981.46,3220.01,969.23,3179.89,964,3162.73,908.30,2979.99,1338.00,764.00,452.55,446.26,0.36,281.09,0.23,41.85


KUNDAH GROUP,TAMIL NADU,1496.06,776,2545.93,1315.00,1270.00,456.00,346.50,0.28,141.92


METTURE,TAMIL NADU,240.79,789.99,221.25,725.89,234.06,767.91,211.23,693.01,790.00,204.00,27.89,2504.70,2.03,472.92,0.38,281.49


PERIYAR,TAMIL NADU,46.33,152.00,33.56,110.10,40.17,131.79,33.53,110.01,409.00,216.00,273.51,0.22,0.48,0.00,0.00


BALIMELA,ORISSA,462.08,1516.01,440.95,1446.70,448,1469.82,438.91,1439.99,1183.00,897.75,48.55,2675.96,2.17,144.70,0.12,26.17


HIRAKUD,ORISSA,192.02,629.99,184.42,605.04,185.96,610.10,179.83,589.99,1174.00,372.28,69.22,4709.43,3.82,1049.54,0.85,10.26


INDRAVATI,ORISSA,641.84,2105.77,628.62,2062.40,629.98,2066.86,625.00,2050.52,1962.00,1213.13,105.40,1485.50,1.20,252.96,0.21,67.10


RENGALI,ORISSA,123.44,404.99,113.64,372.83,112.82,370.14,109.72,359.97,525.00,275.00,33.09,3167.81,2.57,498.84,0.40,11.51


UPPER KOLAB,ORISSA,857.78,2814.24,847.64,2780.97,849.27,2786.32,843.78,2768.31,832.00,540.00,77.66,935.00,0.76,174.55,0.14,26.87


LOKTAK,MANIPUR,768.50,2521.33,767.02,2516.47,767.8,2519.03,766.01,2513.16,450.00,250.00,33.79,0.00,0.00,7.67


** BHAKRA - POTENTIAL OF 5282 MU INCLUDES THOSE OF GANGWAL AND KOTLA STATIONS AND CORRESPONDS TO A DRY YEAR. THE POTENTIAL FOR A DEPENDABLE YEAR IS 6057 MU.
*** INCLUDES GANGUWAL & KOTLA.
$ UKAI - THE POTENTIAL FOR DEPENDABLE YEAR DURING THE INITIAL YEAR IS 1080 MU AND WOULD REDUCE TO 605 MU AS AND WHEN UPSTREAM IRRIGATION DEVELOPS.
$$ ENERGY CONTENT AT GANDHI SAGAR INCLUDES FOR GENERATION AT R.P.SAGAR AND JAWAHAR SAGAR.
@ KOYNA - POTENTIAL OF 3523 MU IS CORRESPONDING TO 87 TMC OF WATER AVAILABLE FOR POWER GENERATION AS PER KRISHNA WATER DISPUTE TRIBUNAL AWARD FOR KOYNA I,II,III & IV.
* RANJIT SAGAR - ENERGY CONTENT AT F.R.L. WORKED OUT CONSIDERING NIL INFLOW IN THE RESERVIOR.
,DAILY REPORT OF HYDRO RESERVOIRS FOR,15-Apr-2009,1
,FULL,PRESENT,RESERVIOR,MIN. DRAW,ANNUAL,ENERGY ENERGY,EFF.,EFF. CAP,CUMMULATIVE
,RESERVOIR,RESERVOIR,LEVEL ON,DOWN,DESIGN,CONTENT CONTENT,CAP.,AT,ENERGY
,RESERVOIR,STATE,LEVEL,LEVEL,THE SAME,LEVEL,POTEN-,AT,AT,AT,PRESENT,GEN. FROM
,DAY LAST,TIAL,F.R.L. PRESENT,F.R.L.,LEVEL,1ST. OF
,YEAR,LEVEL,THE MONTH

,M,FT,M,FT,M,FT,M,FT,MU,MU,MU,MCM,MAFT,MCM,MAFT

BHAKRA,PUNJAB,513.59,1685.01,474.38,1556.36,461.87,1515.32,445.62,1462.01,5282.00,1728.80,355.75,6516.07,5.28,1598.00,1.30,110.23


PONG,PUNJAB,426.72,1400.00,402.63,1320.96,393.95,1292.49,384.05,1260.01,1123.00,1084.00,250.74,6946.00,5.63,1931.83,1.57,6.40


RANJIT SAGAR,PUNJAB,527.91,1731.99,500.41,1641.77,498.81,1636.52,487.91,1600.75,1507.00,390.30,105.59,7199.17,5.84,484.59,0.39,27.04


R.P. SAGAR,RAJASTHAN,352.81,1157.51,345.36,1133.07,351.18,1152.17,343.81,1127.99,459.00,175.66,25.99,1568.98,1.27,331.21,0.27,0.00


RIHAND,UTTAR PRADESH,268.22,879.99,257.01,843.20,255.85,839.40,252.98,829.99,920.00,860.50,158.10,5845.50,4.74,1148.32,0.93,13.63


RAM GANGA,UTTARAKHAND,366.00,1200.79,339.30,1113.19,340.33,1116.57,323.00,1059.71,164.00,480.80,92.73,2109.25,1.71,556.69,0.45,0.36


TEHRI,UTTARAKHAND,829.79,2722.41,763.95,2506.40,752.1,2467.52,740.04,2427.95,309.00,1291.49,185.18,2615.00,2.12,482.88,0.39,91.36


SARDAR SAROVAR,GUJARAT,138.68,454.99,121.00,396.98,118.85,389.93,110.84,363.65,5469.00,1817.55,371.68,5760.00,4.67,1399.28,1.13,51.75


UKAI,GUJARAT,105.16,345.01,94.27,309.27,97.08,318.50,82.30,270.01,1080.00,813.08,270.78,6619.15,5.37,2361.60,1.91,33.29


GANDHI SAGAR,MADHYA PRADESH,399.90,1312.01,383.47,1258.10,386.7,1268.70,381.00,1250.00,420.48,725.00,35.50,6911.19,5.60,430.48,0.35,1.86


INDIRA SAGAR,MADHYA PRADESH,262.14,860.04,247.14,810.83,247.31,811.38,243.24,798.03,2628.00,1316.12,128.67,9706.00,7.87,1006.95,0.82,44.08


BHIRA,MAHARASHTRA,606.03,1988.29,602.00,1975.07,597.16,1959.19,590.09,1935.99,790.00,618.80,434.84,522.76,0.42,367.35,0.30,15.02


KOYNA,MAHARASHTRA,657.91,2158.50,646.21,2120.10,644.8,2115.49,609.60,2000.00,3130.00,3126.10,1854.50,2677.14,2.17,1572.30,1.27,244.39


MACHKUND,ANDHRA PRADESH,838.20,2750.00,829.00,2719.82,836.31,2743.80,513.59,1685.01,670.00,551.60,183.47,892.55,0.72,296.86,0.24,22.50


NAGARJUN SAGAR,ANDHRA PRADESH,179.83,589.99,155.05,508.69,157.4,516.40,150.88,495.01,2237.00,1398.13,133.57,6537.80,5.30,731.33,0.59,12.86


SRISAILAM,ANDHRA PRADESH,269.75,885.01,245.49,805.41,261.15,856.79,243.84,800.00,4300.00,1391.84,31.57,7105.96,5.76,162.55,0.13,24.88


ALMATTI,KARNATAKA,519.62,1704.79,507.35,1664.53,508.78,1669.23,505.97,1660.01,483.00,175.35,4.16,2631.50,2.13,77.48,0.06,0.49

,133260.00
KALINDI SUPA,KARNATAKA,563.88,1850.00,526.23,1726.48,536.86,1761.35,513.52,1684.78,542.00,2885.00,403.12,108.04,18552.48,15.04,25.56


SHARAVATHY,KARNATAKA,554.43,1819.00,538.78,1767.65,542.25,1779.04,522.73,1714.99,5564.00,4557.03,1099.36,4297.08,3.48,1036.65,0.84,236.30


IDAMALAYAR,KERALA,169.00,554.46,137.38,450.72,144.6,474.41,114.99,377.26,380.00,254.45,65.06,1017.80,0.83,264.71,0.21,6.55


IDUKKI,KERALA,732.35,2402.72,709.34,2327.23,712.92,2338.98,694.94,2279.99,2398.00,2146.32,606.11,1459.50,1.18,412.17,0.33,85.08
,DAILY REPORT OF HYDRO RESERVOIRS FOR,15-Apr-2009,2
,FULL,PRESENT,RESERVIOR,MIN. DRAW,ANNUAL,ENERGY ENERGY,EFF.,EFF. CAP,CUMMULATIVE
,RESERVOIR,RESERVOIR,LEVEL ON,DOWN,DESIGN,CONTENT CONTENT,CAP.,AT,ENERGY
,RESERVOIR,STATE,LEVEL,LEVEL,THE SAME,LEVEL,POTEN-,AT,AT,AT,PRESENT,GEN. FROM
,DAY LAST,TIAL,F.R.L. PRESENT,F.R.L.,LEVEL,1ST. OF
,YEAR,LEVEL,THE MONTH

,M,FT,M,FT,M,FT,M,FT,MU,MU,MU,MCM,MAFT,MCM,MAFT

MADUPATTY,KERALA,1599.38,5247.31,1585.00,5200.13,1591.2,5220.47,1554.48,5100.00,6.40,77.40,31.62,55.32,0.04,22.43,0.02,0.00


SABRIGRI,KERALA,981.46,3220.01,969.13,3179.56,963.72,3161.81,908.30,2979.99,1338.00,764.00,450.61,446.26,0.36,279.89,0.23,45.78


KUNDAH GROUP,TAMIL NADU,1489.50,765,2509.84,1315.00,1270.00,454.00,346.50,0.28,152.06


METTURE,TAMIL NADU,240.79,789.99,221.20,725.72,234.07,767.95,211.23,693.01,790.00,204.00,27.72,2504.70,2.03,469.71,0.38,301.65


PERIYAR,TAMIL NADU,46.33,152.00,33.59,110.20,40.26,132.09,33.53,110.01,409.00,216.00,273.51,0.22,0.92,0.00,0.00


BALIMELA,ORISSA,462.08,1516.01,440.65,1445.70,447.87,1469.39,438.91,1439.99,1183.00,897.75,40.95,2675.96,2.17,122.04,0.10,29.00


HIRAKUD,ORISSA,192.02,629.99,184.31,604.69,185.9,609.91,179.83,589.99,1174.00,372.28,66.88,4709.43,3.82,1013.87,0.82,11.16


INDRAVATI,ORISSA,641.84,2105.77,628.52,2062.07,629.89,2066.57,625.00,2050.52,1962.00,1213.13,102.60,1485.50,1.20,246.26,0.20,74.12


RENGALI,ORISSA,123.44,404.99,113.45,372.21,112.78,370.01,109.72,359.97,525.00,275.00,31.53,3167.81,2.57,467.14,0.38,13.00


UPPER KOLAB,ORISSA,857.78,2814.24,847.60,2780.84,849.2,2786.09,843.78,2768.31,832.00,540.00,77.00,935.00,0.76,172.37,0.14,30.55


LOKTAK,MANIPUR,768.50,2521.33,767.02,2516.47,767.79,2519.00,766.01,2513.16,450.00,250.00,33.79,0.00,0.00,8.27


** BHAKRA - POTENTIAL OF 5282 MU INCLUDES THOSE OF GANGWAL AND KOTLA STATIONS AND CORRESPONDS TO A DRY YEAR. THE POTENTIAL FOR A DEPENDABLE YEAR IS 6057 MU.
*** INCLUDES GANGUWAL & KOTLA.
$ UKAI - THE POTENTIAL FOR DEPENDABLE YEAR DURING THE INITIAL YEAR IS 1080 MU AND WOULD REDUCE TO 605 MU AS AND WHEN UPSTREAM IRRIGATION DEVELOPS.
$$ ENERGY CONTENT AT GANDHI SAGAR INCLUDES FOR GENERATION AT R.P.SAGAR AND JAWAHAR SAGAR.
@ KOYNA - POTENTIAL OF 3523 MU IS CORRESPONDING TO 87 TMC OF WATER AVAILABLE FOR POWER GENERATION AS PER KRISHNA WATER DISPUTE TRIBUNAL AWARD FOR KOYNA I,II,III & IV.
* RANJIT SAGAR - ENERGY CONTENT AT F.R.L. WORKED OUT CONSIDERING NIL INFLOW IN THE RESERVIOR.
,DAILY REPORT OF HYDRO RESERVOIRS FOR,16-Apr-2009,1
,FULL,PRESENT,RESERVIOR,MIN. DRAW,ANNUAL,ENERGY ENERGY,EFF.,EFF. CAP,CUMMULATIVE
,RESERVOIR,RESERVOIR,LEVEL ON,DOWN,DESIGN,CONTENT CONTENT,CAP.,AT,ENERGY
,RESERVOIR,STATE,LEVEL,LEVEL,THE SAME,LEVEL,POTEN-,AT,AT,AT,PRESENT,GEN. FROM
,DAY LAST,TIAL,F.R.L. PRESENT,F.R.L.,LEVEL,1ST. OF
,YEAR,LEVEL,THE MONTH

,M,FT,M,FT,M,FT,M,FT,MU,MU,MU,MCM,MAFT,MCM,MAFT

BHAKRA,PUNJAB,513.59,1685.01,473.95,1554.96,461.95,1515.58,445.62,1462.01,5282.00,1728.80,347.47,6516.07,5.28,1564.63,1.27,117.63


PONG,PUNJAB,426.72,1400.00,402.65,1321.02,393.99,1292.62,384.05,1260.01,1123.00,1084.00,251.13,6946.00,5.63,1934.59,1.57,6.86


RANJIT SAGAR,PUNJAB,527.91,1731.99,500.65,1642.55,499.16,1637.66,487.91,1600.75,1507.00,390.30,108.47,7199.17,5.84,496.33,0.40,30.66


R.P. SAGAR,RAJASTHAN,352.81,1157.51,345.40,1133.20,351.17,1152.13,343.81,1127.99,459.00,175.66,26.67,1568.98,1.27,336.98,0.27,0.00


RIHAND,UTTAR PRADESH,268.22,879.99,257.28,844.10,255.82,839.30,252.98,829.99,920.00,860.50,169.82,5845.50,4.74,1231.45,1.00,16.25


RAM GANGA,UTTARAKHAND,366.00,1200.79,339.29,1113.16,340.07,1115.72,323.00,1059.71,164.00,480.80,92.62,2109.25,1.71,555.82,0.45,0.48


TEHRI,UTTARAKHAND,829.79,2722.41,763.30,2504.27,751.75,2466.37,740.04,2427.95,309.00,1291.49,178.82,2615.00,2.12,467.60,0.38,97.89


SARDAR SAROVAR,GUJARAT,138.68,454.99,121.00,396.98,118.77,389.67,110.84,363.65,5469.00,1817.55,371.68,5760.00,4.67,1399.28,1.13,55.20


UKAI,GUJARAT,105.16,345.01,94.18,309.00,82.3,270.01,82.30,270.01,1080.00,813.08,268.20,6619.15,5.37,2336.20,1.89,35.22


GANDHI SAGAR,MADHYA PRADESH,399.90,1312.01,382.91,1256.25,381,1250.00,381.00,1250.00,420.48,725.00,27.00,6911.19,5.60,323.79,0.26,2.48


INDIRA SAGAR,MADHYA PRADESH,262.14,860.04,247.07,810.60,247.27,811.25,243.24,798.03,2628.00,1316.12,126.04,9706.00,7.87,986.37,0.80,47.98


BHIRA,MAHARASHTRA,606.03,1988.29,602.00,1975.07,597.39,1959.94,590.09,1935.99,790.00,618.80,434.84,522.76,0.42,367.35,0.30,15.68


KOYNA,MAHARASHTRA,657.91,2158.50,645.96,2119.30,609.6,2000.00,609.60,2000.00,3130.00,3126.10,1836.60,2677.14,2.17,1556.00,1.26,268.38


MACHKUND,ANDHRA PRADESH,838.20,2750.00,828.92,2719.55,836.33,2743.86,513.59,1685.01,670.00,551.60,181.31,892.55,0.72,293.37,0.24,24.06


NAGARJUN SAGAR,ANDHRA PRADESH,179.83,589.99,154.84,508.01,157.15,515.58,150.88,495.01,2237.00,1398.13,126.43,6537.80,5.30,692.96,0.56,12.86


SRISAILAM,ANDHRA PRADESH,269.75,885.01,245.46,805.31,261.49,857.91,243.84,800.00,4300.00,1391.84,30.96,7105.96,5.76,159.38,0.13,24.88


ALMATTI,KARNATAKA,519.62,1704.79,507.35,1664.53,508.78,1669.23,505.97,1660.01,483.00,175.35,4.16,2631.50,2.13,77.48,0.06,0.49

,133260.00
KALINDI SUPA,KARNATAKA,563.88,1850.00,526.01,1725.75,536.71,1760.86,513.52,1684.78,542.00,2885.00,394.33,108.04,18143.45,14.71,27.07


SHARAVATHY,KARNATAKA,554.43,1819.00,538.64,1767.19,542.12,1778.61,522.73,1714.99,5564.00,4557.03,1081.94,4297.08,3.48,1020.22,0.83,253.53


IDAMALAYAR,KERALA,169.00,554.46,137.20,450.13,144.39,473.72,114.99,377.26,380.00,254.45,64.22,1017.80,0.83,261.34,0.21,7.36


IDUKKI,KERALA,732.35,2402.72,709.22,2326.84,712.66,2338.12,694.94,2279.99,2398.00,2146.32,599.93,1459.50,1.18,407.96,0.33,91.67
,DAILY REPORT OF HYDRO RESERVOIRS FOR,16-Apr-2009,2
,FULL,PRESENT,RESERVIOR,MIN. DRAW,ANNUAL,ENERGY ENERGY,EFF.,EFF. CAP,CUMMULATIVE
,RESERVOIR,RESERVOIR,LEVEL ON,DOWN,DESIGN,CONTENT CONTENT,CAP.,AT,ENERGY
,RESERVOIR,STATE,LEVEL,LEVEL,THE SAME,LEVEL,POTEN-,AT,AT,AT,PRESENT,GEN. FROM
,DAY LAST,TIAL,F.R.L. PRESENT,F.R.L.,LEVEL,1ST. OF
,YEAR,LEVEL,THE MONTH

,M,FT,M,FT,M,FT,M,FT,MU,MU,MU,MCM,MAFT,MCM,MAFT

MADUPATTY,KERALA,1599.38,5247.31,1584.80,5199.48,1591.05,5219.98,1554.48,5100.00,6.40,77.40,31.19,55.32,0.04,22.12,0.02,0.00


SABRIGRI,KERALA,981.46,3220.01,968.99,3179.10,963.51,3161.12,908.30,2979.99,1338.00,764.00,447.91,446.26,0.36,278.21,0.23,49.76


KUNDAH GROUP,TAMIL NADU,1479.66,755,2477.03,1315.00,1270.00,451.00,346.50,0.28,162.20


METTURE,TAMIL NADU,240.79,789.99,221.18,725.66,234.09,768.01,211.23,693.01,790.00,204.00,27.66,2504.70,2.03,468.41,0.38,321.76


PERIYAR,TAMIL NADU,46.33,152.00,33.62,110.30,40.26,132.09,33.53,110.01,409.00,216.00,273.51,0.22,1.37,0.00,0.00


BALIMELA,ORISSA,462.08,1516.01,440.59,1445.50,447.75,1469.00,438.91,1439.99,1183.00,897.75,39.43,2675.96,2.17,117.52,0.10,30.81


HIRAKUD,ORISSA,192.02,629.99,184.24,604.47,185.85,609.74,179.83,589.99,1174.00,372.28,65.40,4709.43,3.82,991.08,0.80,11.95


INDRAVATI,ORISSA,641.84,2105.77,628.42,2061.75,629.79,2066.24,625.00,2050.52,1962.00,1213.13,99.82,1485.50,1.20,239.56,0.19,81.01


RENGALI,ORISSA,123.44,404.99,113.36,371.92,112.73,369.85,109.72,359.97,525.00,275.00,30.75,3167.81,2.57,452.15,0.37,13.71


UPPER KOLAB,ORISSA,857.78,2814.24,847.72,2781.23,849.14,2785.89,843.78,2768.31,832.00,540.00,78.97,935.00,0.76,178.94,0.15,32.10


LOKTAK,MANIPUR,768.50,2521.33,767.10,2516.73,767.78,2518.96,766.01,2513.16,450.00,250.00,37.76,0.00,0.00,8.87


** BHAKRA - POTENTIAL OF 5282 MU INCLUDES THOSE OF GANGWAL AND KOTLA STATIONS AND CORRESPONDS TO A DRY YEAR. THE POTENTIAL FOR A DEPENDABLE YEAR IS 6057 MU.
*** INCLUDES GANGUWAL & KOTLA.
$ UKAI - THE POTENTIAL FOR DEPENDABLE YEAR DURING THE INITIAL YEAR IS 1080 MU AND WOULD REDUCE TO 605 MU AS AND WHEN UPSTREAM IRRIGATION DEVELOPS.
$$ ENERGY CONTENT AT GANDHI SAGAR INCLUDES FOR GENERATION AT R.P.SAGAR AND JAWAHAR SAGAR.
@ KOYNA - POTENTIAL OF 3523 MU IS CORRESPONDING TO 87 TMC OF WATER AVAILABLE FOR POWER GENERATION AS PER KRISHNA WATER DISPUTE TRIBUNAL AWARD FOR KOYNA I,II,III & IV.
* RANJIT SAGAR - ENERGY CONTENT AT F.R.L. WORKED OUT CONSIDERING NIL INFLOW IN THE RESERVIOR.
,DAILY REPORT OF HYDRO RESERVOIRS FOR,19-Apr-2009,1
,FULL,PRESENT,RESERVIOR,MIN. DRAW,ANNUAL,ENERGY ENERGY,EFF.,EFF. CAP,CUMMULATIVE
,RESERVOIR,RESERVOIR,LEVEL ON,DOWN,DESIGN,CONTENT CONTENT,CAP.,AT,ENERGY
,RESERVOIR,STATE,LEVEL,LEVEL,THE SAME,LEVEL,POTEN-,AT,AT,AT,PRESENT,GEN. FROM
,DAY LAST,TIAL,F.R.L. PRESENT,F.R.L.,LEVEL,1ST. OF
,YEAR,LEVEL,THE MONTH

,M,FT,M,FT,M,FT,M,FT,MU,MU,MU,MCM,MAFT,MCM,MAFT

BHAKRA,PUNJAB,513.59,1685.01,473.56,1553.66,513.59,1685.01,445.62,1462.01,5282.00,1728.80,339.96,6516.07,5.28,1533.63,1.24,140.01


PONG,PUNJAB,426.72,1400.00,402.69,1321.15,384.05,1260.01,384.05,1260.01,1123.00,1084.00,252.00,6946.00,5.63,1940.57,1.57,8.60


RANJIT SAGAR,PUNJAB,527.91,1731.99,500.71,1642.75,487.91,1600.75,487.91,1600.75,1507.00,390.30,109.19,7199.17,5.84,499.27,0.40,40.81


R.P. SAGAR,RAJASTHAN,352.81,1157.51,345.45,1133.37,343.81,1127.99,343.81,1127.99,459.00,175.66,27.57,1568.98,1.27,344.53,0.28,0.00


RIHAND,UTTAR PRADESH,268.22,879.99,268.22,879.98,262.22,860.30,252.98,829.99,920.00,860.50,860.00,5845.50,4.74,5842.64,4.74,22.65


RAM GANGA,UTTARAKHAND,366.00,1200.79,339.22,1112.93,339.21,1112.89,323.00,1059.71,164.00,480.80,91.89,2109.25,1.71,549.79,0.45,0.93


TEHRI,UTTARAKHAND,829.79,2722.41,761.60,2498.69,740.04,2427.95,740.04,2427.95,309.00,1291.49,162.33,2615.00,2.12,427.65,0.35,117.56


SARDAR SAROVAR,GUJARAT,138.68,454.99,121.00,396.98,110.84,363.65,110.84,363.65,5469.00,1817.55,371.68,5760.00,4.67,1399.28,1.13,65.55


UKAI,GUJARAT,105.16,345.01,93.96,308.28,105.16,345.01,82.30,270.01,1080.00,813.08,261.34,6619.15,5.37,2265.69,1.84,40.70


GANDHI SAGAR,MADHYA PRADESH,399.90,1312.01,382.91,1256.25,399.9,1312.01,381.00,1250.00,420.48,725.00,27.00,6911.19,5.60,323.79,0.26,4.34


INDIRA SAGAR,MADHYA PRADESH,262.14,860.04,247.07,810.60,262.14,860.04,243.24,798.03,2628.00,1316.12,126.04,9706.00,7.87,986.37,0.80,58.43


BHIRA,MAHARASHTRA,606.03,1988.29,601.01,1971.82,606.03,1988.29,590.09,1935.99,790.00,618.80,392.54,522.76,0.42,331.62,0.27,17.38


KOYNA,MAHARASHTRA,657.91,2158.50,645.26,2117.00,657.91,2158.50,609.60,2000.00,3130.00,3126.10,1777.00,2677.14,2.17,1505.00,1.22,332.67


MACHKUND,ANDHRA PRADESH,838.20,2750.00,828.77,2719.06,838.2,2750.00,513.59,1685.01,670.00,551.60,177.26,892.55,0.72,286.82,0.23,28.53


NAGARJUN SAGAR,ANDHRA PRADESH,179.83,589.99,154.29,506.20,150.88,495.01,150.88,495.01,2237.00,1398.13,108.06,6537.80,5.30,594.12,0.48,12.86


SRISAILAM,ANDHRA PRADESH,269.75,885.01,245.36,804.99,243.84,800.00,243.84,800.00,4300.00,1391.84,28.88,7105.96,5.76,148.72,0.12,24.88


ALMATTI,KARNATAKA,519.62,1704.79,507.28,1664.30,505.97,1660.01,505.97,1660.01,483.00,175.35,3.96,2631.50,2.13,74.32,0.06,0.49

,133260.00
KALINDI SUPA,KARNATAKA,563.88,1850.00,525.49,1724.05,513.52,1684.78,513.52,1684.78,542.00,2885.00,373.67,108.04,17201.76,13.95,31.17


SHARAVATHY,KARNATAKA,554.43,1819.00,538.20,1765.75,522.73,1714.99,522.73,1714.99,5564.00,4557.03,1027.18,4297.08,3.48,968.58,0.79,299.93


IDAMALAYAR,KERALA,169.00,554.46,136.80,448.82,114.99,377.26,114.99,377.26,380.00,254.45,62.40,1017.80,0.83,253.86,0.21,9.53


IDUKKI,KERALA,732.35,2402.72,708.81,2325.49,694.94,2279.99,694.94,2279.99,2398.00,2146.32,578.84,1459.50,1.18,393.63,0.32,110.57
,DAILY REPORT OF HYDRO RESERVOIRS FOR,19-Apr-2009,2
,FULL,PRESENT,RESERVIOR,MIN. DRAW,ANNUAL,ENERGY ENERGY,EFF.,EFF. CAP,CUMMULATIVE
,RESERVOIR,RESERVOIR,LEVEL ON,DOWN,DESIGN,CONTENT CONTENT,CAP.,AT,ENERGY
,RESERVOIR,STATE,LEVEL,LEVEL,THE SAME,LEVEL,POTEN-,AT,AT,AT,PRESENT,GEN. FROM
,DAY LAST,TIAL,F.R.L. PRESENT,F.R.L.,LEVEL,1ST. OF
,YEAR,LEVEL,THE MONTH

,M,FT,M,FT,M,FT,M,FT,MU,MU,MU,MCM,MAFT,MCM,MAFT

MADUPATTY,KERALA,1599.38,5247.31,1585.00,5200.13,1554.84,5101.18,1554.48,5100.00,6.40,77.40,31.62,55.32,0.04,22.43,0.02,0.00


SABRIGRI,KERALA,981.46,3220.01,968.53,3177.59,908.3,2979.99,908.30,2979.99,1338.00,764.00,439.09,446.26,0.36,272.75,0.22,61.64


KUNDAH GROUP,TAMIL NADU,1446.85,1315.00,1270.00,441.00,346.50,0.28,192.61


METTURE,TAMIL NADU,240.79,789.99,221.10,725.39,211.23,693.01,211.23,693.01,790.00,204.00,27.39,2504.70,2.03,463.27,0.38,382.02


PERIYAR,TAMIL NADU,46.33,152.00,33.71,110.60,33.53,110.01,33.53,110.01,409.00,216.00,273.51,0.22,2.70,0.00,0.00


BALIMELA,ORISSA,462.08,1516.01,440.56,1445.40,438.91,1439.99,438.91,1439.99,1183.00,897.75,38.67,2675.96,2.17,115.25,0.09,36.44


HIRAKUD,ORISSA,192.02,629.99,184.08,603.95,179.83,589.99,179.83,589.99,1174.00,372.28,61.97,4709.43,3.82,937.69,0.76,15.00


INDRAVATI,ORISSA,641.84,2105.77,628.10,2060.70,625,2050.52,625.00,2050.52,1962.00,1213.13,90.90,1485.50,1.20,218.17,0.18,101.49


RENGALI,ORISSA,123.44,404.99,113.16,371.26,123.44,404.99,109.72,359.97,525.00,275.00,28.78,3167.81,2.57,418.83,0.34,15.86


UPPER KOLAB,ORISSA,857.78,2814.24,847.34,2779.99,843.78,2768.31,843.78,2768.31,832.00,540.00,72.74,935.00,0.76,158.13,0.13,36.60


LOKTAK,MANIPUR,768.50,2521.33,768.50,2521.33,768.5,2521.33,766.01,2513.16,450.00,250.00,250.02,0.00,0.00,10.67


** BHAKRA - POTENTIAL OF 5282 MU INCLUDES THOSE OF GANGWAL AND KOTLA STATIONS AND CORRESPONDS TO A DRY YEAR. THE POTENTIAL FOR A DEPENDABLE YEAR IS 6057 MU.
*** INCLUDES GANGUWAL & KOTLA.
$ UKAI - THE POTENTIAL FOR DEPENDABLE YEAR DURING THE INITIAL YEAR IS 1080 MU AND WOULD REDUCE TO 605 MU AS AND WHEN UPSTREAM IRRIGATION DEVELOPS.
$$ ENERGY CONTENT AT GANDHI SAGAR INCLUDES FOR GENERATION AT R.P.SAGAR AND JAWAHAR SAGAR.
@ KOYNA - POTENTIAL OF 3523 MU IS CORRESPONDING TO 87 TMC OF WATER AVAILABLE FOR POWER GENERATION AS PER KRISHNA WATER DISPUTE TRIBUNAL AWARD FOR KOYNA I,II,III & IV.
* RANJIT SAGAR - ENERGY CONTENT AT F.R.L. WORKED OUT CONSIDERING NIL INFLOW IN THE RESERVIOR.
,DAILY REPORT OF HYDRO RESERVOIRS FOR,20-Apr-2009,1
,FULL,PRESENT,RESERVIOR,MIN. DRAW,ANNUAL,ENERGY ENERGY,EFF.,EFF. CAP,CUMMULATIVE
,RESERVOIR,RESERVOIR,LEVEL ON,DOWN,DESIGN,CONTENT CONTENT,CAP.,AT,ENERGY
,RESERVOIR,STATE,LEVEL,LEVEL,THE SAME,LEVEL,POTEN-,AT,AT,AT,PRESENT,GEN. FROM
,DAY LAST,TIAL,F.R.L. PRESENT,F.R.L.,LEVEL,1ST. OF
,YEAR,LEVEL,THE MONTH

,M,FT,M,FT,M,FT,M,FT,MU,MU,MU,MCM,MAFT,MCM,MAFT

BHAKRA,PUNJAB,513.59,1685.01,473.44,1553.28,462.2,1516.40,445.62,1462.01,5282.00,1728.80,337.80,6516.07,5.28,1524.58,1.24,147.13


PONG,PUNJAB,426.72,1400.00,402.69,1321.16,394.17,1293.21,384.05,1260.01,1123.00,1084.00,252.07,6946.00,5.63,1941.03,1.57,9.38


RANJIT SAGAR,PUNJAB,527.91,1731.99,500.57,1642.29,500.64,1642.52,487.91,1600.75,1507.00,390.30,107.52,7199.17,5.84,492.42,0.40,44.94


R.P. SAGAR,RAJASTHAN,352.81,1157.51,345.48,1133.45,351.29,1152.53,343.81,1127.99,459.00,175.66,27.99,1568.98,1.27,348.08,0.28,0.00


RIHAND,UTTAR PRADESH,268.22,879.99,256.86,842.70,255.67,838.81,252.98,829.99,920.00,860.50,151.60,5845.50,4.74,1102.85,0.89,23.49


RAM GANGA,UTTARAKHAND,366.00,1200.79,339.16,1112.73,338.92,1111.94,323.00,1059.71,164.00,480.80,91.26,2109.25,1.71,544.61,0.44,2.41


TEHRI,UTTARAKHAND,829.79,2722.41,761.00,2496.72,749.95,2460.47,740.04,2427.95,309.00,1291.49,156.55,2615.00,2.12,413.55,0.34,123.72


SARDAR SAROVAR,GUJARAT,138.68,454.99,115.25,378.12,118.69,389.40,110.84,363.65,5469.00,1817.55,132.03,5760.00,4.67,539.63,0.44,68.79


UKAI,GUJARAT,105.16,345.01,93.85,307.90,82.3,270.01,82.30,270.01,1080.00,813.08,257.79,6619.15,5.37,2229.63,1.81,42.49


GANDHI SAGAR,MADHYA PRADESH,399.90,1312.01,382.76,1255.76,386.39,1267.68,381.00,1250.00,420.48,725.00,24.80,6911.19,5.60,295.30,0.24,4.65


INDIRA SAGAR,MADHYA PRADESH,262.14,860.04,246.99,810.33,247.03,810.47,243.24,798.03,2628.00,1316.12,123.04,9706.00,7.87,962.93,0.78,61.17


BHIRA,MAHARASHTRA,606.03,1988.29,606.03,1988.29,597.15,1959.15,590.09,1935.99,790.00,618.80,617.58,522.76,0.42,521.73,0.42,18.77


KOYNA,MAHARASHTRA,657.91,2158.50,644.96,2116.00,644.16,2113.39,609.60,2000.00,3130.00,3126.10,1751.00,2677.14,2.17,1482.50,1.20,348.31


MACHKUND,ANDHRA PRADESH,838.20,2750.00,828.92,2719.55,836.19,2743.41,513.59,1685.01,670.00,551.60,181.31,892.55,0.72,293.37,0.24,29.75


NAGARJUN SAGAR,ANDHRA PRADESH,179.83,589.99,154.14,505.71,158.47,519.91,150.88,495.01,2237.00,1398.13,102.96,6537.80,5.30,566.67,0.46,12.86


SRISAILAM,ANDHRA PRADESH,269.75,885.01,245.36,804.99,260.09,853.31,243.84,800.00,4300.00,1391.84,28.88,7105.96,5.76,148.72,0.12,24.88


ALMATTI,KARNATAKA,519.62,1704.79,507.27,1664.27,508.78,1669.23,505.97,1660.01,483.00,175.35,3.93,2631.50,2.13,73.88,0.06,0.49

,133260.00
KALINDI SUPA,KARNATAKA,563.88,1850.00,525.36,1723.62,536,1758.53,513.52,1684.78,542.00,2885.00,368.98,108.04,16985.66,13.77,31.32


SHARAVATHY,KARNATAKA,554.43,1819.00,538.12,1765.49,541.57,1776.80,522.73,1714.99,5564.00,4557.03,1017.25,4297.08,3.48,959.22,0.78,310.06


IDAMALAYAR,KERALA,169.00,554.46,136.70,448.49,143.57,471.03,114.99,377.26,380.00,254.45,61.95,1017.80,0.83,251.99,0.20,10.06


IDUKKI,KERALA,732.35,2402.72,708.75,2325.30,711.82,2335.37,694.94,2279.99,2398.00,2146.32,575.76,1459.50,1.18,391.53,0.32,117.30
,DAILY REPORT OF HYDRO RESERVOIRS FOR,20-Apr-2009,2
,FULL,PRESENT,RESERVIOR,MIN. DRAW,ANNUAL,ENERGY ENERGY,EFF.,EFF. CAP,CUMMULATIVE
,RESERVOIR,RESERVOIR,LEVEL ON,DOWN,DESIGN,CONTENT CONTENT,CAP.,AT,ENERGY
,RESERVOIR,STATE,LEVEL,LEVEL,THE SAME,LEVEL,POTEN-,AT,AT,AT,PRESENT,GEN. FROM
,DAY LAST,TIAL,F.R.L. PRESENT,F.R.L.,LEVEL,1ST. OF
,YEAR,LEVEL,THE MONTH

,M,FT,M,FT,M,FT,M,FT,MU,MU,MU,MCM,MAFT,MCM,MAFT

MADUPATTY,KERALA,1599.38,5247.31,1588.05,5210.14,1590.4,5217.85,1554.48,5100.00,6.40,77.40,39.67,55.32,0.04,28.13,0.02,0.00


SABRIGRI,KERALA,981.46,3220.01,968.38,3177.10,962.47,3157.71,908.30,2979.99,1338.00,764.00,436.24,446.26,0.36,271.00,0.22,65.01


KUNDAH GROUP,TAMIL NADU,1440.29,716,2349.08,1315.00,1270.00,439.00,346.50,0.28,202.73


METTURE,TAMIL NADU,240.79,789.99,221.07,725.30,234.15,768.21,211.23,693.01,790.00,204.00,27.30,2504.70,2.03,461.33,0.37,401.38


PERIYAR,TAMIL NADU,46.33,152.00,33.71,110.60,40.38,132.48,33.53,110.01,409.00,216.00,273.51,0.22,2.70,0.00,0.00


BALIMELA,ORISSA,462.08,1516.01,440.53,1445.30,447.36,1467.72,438.91,1439.99,1183.00,897.75,37.91,2675.96,2.17,112.98,0.09,39.21


HIRAKUD,ORISSA,192.02,629.99,184.00,603.67,185.64,609.06,179.83,589.99,1174.00,372.28,60.33,4709.43,3.82,911.45,0.74,15.71


INDRAVATI,ORISSA,641.84,2105.77,628.00,2060.37,629.38,2064.90,625.00,2050.52,1962.00,1213.13,88.11,1485.50,1.20,211.46,0.17,109.14


RENGALI,ORISSA,123.44,404.99,113.11,371.10,112.5,369.09,109.72,359.97,525.00,275.00,28.29,3167.81,2.57,410.50,0.33,16.71


UPPER KOLAB,ORISSA,857.78,2814.24,847.28,2779.79,848.9,2785.10,843.78,2768.31,832.00,540.00,71.75,935.00,0.76,154.84,0.13,39.04


LOKTAK,MANIPUR,768.50,2521.33,768.50,2521.33,767.75,2518.86,766.01,2513.16,450.00,250.00,250.02,0.00,0.00,11.27


** BHAKRA - POTENTIAL OF 5282 MU INCLUDES THOSE OF GANGWAL AND KOTLA STATIONS AND CORRESPONDS TO A DRY YEAR. THE POTENTIAL FOR A DEPENDABLE YEAR IS 6057 MU.
*** INCLUDES GANGUWAL & KOTLA.
$ UKAI - THE POTENTIAL FOR DEPENDABLE YEAR DURING THE INITIAL YEAR IS 1080 MU AND WOULD REDUCE TO 605 MU AS AND WHEN UPSTREAM IRRIGATION DEVELOPS.
$$ ENERGY CONTENT AT GANDHI SAGAR INCLUDES FOR GENERATION AT R.P.SAGAR AND JAWAHAR SAGAR.
@ KOYNA - POTENTIAL OF 3523 MU IS CORRESPONDING TO 87 TMC OF WATER AVAILABLE FOR POWER GENERATION AS PER KRISHNA WATER DISPUTE TRIBUNAL AWARD FOR KOYNA I,II,III & IV.
* RANJIT SAGAR - ENERGY CONTENT AT F.R.L. WORKED OUT CONSIDERING NIL INFLOW IN THE RESERVIOR.
,DAILY REPORT OF HYDRO RESERVOIRS FOR,21-Apr-2009,1
,FULL,PRESENT,RESERVIOR,MIN. DRAW,ANNUAL,ENERGY ENERGY,EFF.,EFF. CAP,CUMMULATIVE
,RESERVOIR,RESERVOIR,LEVEL ON,DOWN,DESIGN,CONTENT CONTENT,CAP.,AT,ENERGY
,RESERVOIR,STATE,LEVEL,LEVEL,THE SAME,LEVEL,POTEN-,AT,AT,AT,PRESENT,GEN. FROM
,DAY LAST,TIAL,F.R.L. PRESENT,F.R.L.,LEVEL,1ST. OF
,YEAR,LEVEL,THE MONTH

,M,FT,M,FT,M,FT,M,FT,MU,MU,MU,MCM,MAFT,MCM,MAFT

BHAKRA,PUNJAB,513.59,1685.01,473.37,1553.06,462.22,1516.47,445.62,1462.01,5282.00,1728.80,336.54,6516.07,5.28,1519.33,1.23,154.56


PONG,PUNJAB,426.72,1400.00,402.71,1321.23,394.16,1293.18,384.05,1260.01,1123.00,1084.00,252.54,6946.00,5.63,1944.25,1.58,9.64


RANJIT SAGAR,PUNJAB,527.91,1731.99,500.45,1641.90,500.92,1643.44,487.91,1600.75,1507.00,390.30,106.07,7199.17,5.84,486.55,0.39,49.72


R.P. SAGAR,RAJASTHAN,352.81,1157.51,345.48,1133.48,351.41,1152.92,343.81,1127.99,459.00,175.66,28.14,1568.98,1.27,349.42,0.28,0.00


RIHAND,UTTAR PRADESH,268.22,879.99,256.79,842.50,255.64,838.71,252.98,829.99,920.00,860.50,149.00,5845.50,4.74,1084.66,0.88,26.00


RAM GANGA,UTTARAKHAND,366.00,1200.79,338.96,1112.07,338.62,1110.96,323.00,1059.71,164.00,480.80,89.24,2109.25,1.71,529.07,0.43,3.87


TEHRI,UTTARAKHAND,829.79,2722.41,760.55,2495.24,749.55,2459.15,740.04,2427.95,309.00,1291.49,152.25,2615.00,2.12,402.98,0.33,130.42


SARDAR SAROVAR,GUJARAT,138.68,454.99,121.00,396.98,118.64,389.24,110.84,363.65,5469.00,1817.55,371.68,5760.00,4.67,1399.28,1.13,72.03


UKAI,GUJARAT,105.16,345.01,93.73,307.50,96.68,317.19,82.30,270.01,1080.00,813.08,254.26,6619.15,5.37,2193.12,1.78,44.50


GANDHI SAGAR,MADHYA PRADESH,399.90,1312.01,382.83,1256.00,386.31,1267.42,381.00,1250.00,420.48,725.00,25.50,6911.19,5.60,292.95,0.24,4.96


INDIRA SAGAR,MADHYA PRADESH,262.14,860.04,247.00,810.37,247,810.37,243.24,798.03,2628.00,1316.12,123.41,9706.00,7.87,965.79,0.78,64.32


BHIRA,MAHARASHTRA,606.03,1988.29,606.00,1988.19,597.14,1959.12,590.09,1935.99,790.00,618.80,616.13,522.76,0.42,520.51,0.42,19.72


KOYNA,MAHARASHTRA,657.91,2158.50,644.96,2116.00,643.55,2111.38,609.60,2000.00,3130.00,3126.10,1751.00,2677.14,2.17,1482.50,1.20,364.34


MACHKUND,ANDHRA PRADESH,838.20,2750.00,828.84,2719.29,836.16,2743.31,513.59,1685.01,670.00,551.60,179.14,892.55,0.72,289.87,0.24,30.96


NAGARJUN SAGAR,ANDHRA PRADESH,179.83,589.99,153.99,505.22,158.62,520.41,150.88,495.01,2237.00,1398.13,97.86,6537.80,5.30,539.23,0.44,12.86


SRISAILAM,ANDHRA PRADESH,269.75,885.01,245.36,804.99,259.95,852.85,243.84,800.00,4300.00,1391.84,28.88,7105.96,5.76,148.72,0.12,24.88


ALMATTI,KARNATAKA,519.62,1704.79,507.25,1664.21,508.78,1669.23,505.97,1660.01,483.00,175.35,3.86,2631.50,2.13,72.98,0.06,0.49

,133260.00
KALINDI SUPA,KARNATAKA,563.88,1850.00,525.34,1723.56,535.79,1757.84,513.52,1684.78,542.00,2885.00,368.26,108.04,16952.26,13.74,31.32


SHARAVATHY,KARNATAKA,554.43,1819.00,538.03,1765.19,541.42,1776.31,522.73,1714.99,5564.00,4557.03,1006.01,4297.08,3.48,948.62,0.77,320.92


IDAMALAYAR,KERALA,169.00,554.46,136.56,448.03,143.39,470.44,114.99,377.26,380.00,254.45,61.32,1017.80,0.83,249.37,0.20,10.71


IDUKKI,KERALA,732.35,2402.72,708.64,2324.93,711.7,2334.97,694.94,2279.99,2398.00,2146.32,570.12,1459.50,1.18,387.69,0.31,123.28
,DAILY REPORT OF HYDRO RESERVOIRS FOR,21-Apr-2009,2
,FULL,PRESENT,RESERVIOR,MIN. DRAW,ANNUAL,ENERGY ENERGY,EFF.,EFF. CAP,CUMMULATIVE
,RESERVOIR,RESERVOIR,LEVEL ON,DOWN,DESIGN,CONTENT CONTENT,CAP.,AT,ENERGY
,RESERVOIR,STATE,LEVEL,LEVEL,THE SAME,LEVEL,POTEN-,AT,AT,AT,PRESENT,GEN. FROM
,DAY LAST,TIAL,F.R.L. PRESENT,F.R.L.,LEVEL,1ST. OF
,YEAR,LEVEL,THE MONTH

,M,FT,M,FT,M,FT,M,FT,MU,MU,MU,MCM,MAFT,MCM,MAFT

MADUPATTY,KERALA,1599.38,5247.31,1585.00,5200.13,1590.25,5217.36,1554.48,5100.00,6.40,77.40,31.62,55.32,0.04,22.43,0.02,0.00


SABRIGRI,KERALA,981.46,3220.01,968.22,3176.57,962.12,3156.56,908.30,2979.99,1338.00,764.00,433.22,446.26,0.36,269.13,0.22,69.01


KUNDAH GROUP,TAMIL NADU,2421.26,705,2312.99,1315.00,1270.00,738.00,346.50,0.28,212.84


METTURE,TAMIL NADU,240.79,789.99,221.04,725.20,234.17,768.27,211.23,693.01,790.00,204.00,27.20,2504.70,2.03,459.40,0.37,419.88


PERIYAR,TAMIL NADU,46.33,152.00,33.71,110.60,40.36,132.41,33.53,110.01,409.00,216.00,273.51,0.22,2.70,0.00,0.00


BALIMELA,ORISSA,462.08,1516.01,440.50,1445.20,447.26,1467.39,438.91,1439.99,1183.00,897.75,37.15,2675.96,2.17,110.72,0.09,41.99


HIRAKUD,ORISSA,192.02,629.99,183.93,603.45,185.59,608.89,179.83,589.99,1174.00,372.28,59.04,4709.43,3.82,890.82,0.72,16.53


INDRAVATI,ORISSA,641.84,2105.77,627.88,2059.97,629.28,2064.57,625.00,2050.52,1962.00,1213.13,84.77,1485.50,1.20,203.44,0.16,116.20


RENGALI,ORISSA,123.44,404.99,113.04,370.87,112.42,368.83,109.72,359.97,525.00,275.00,27.60,3167.81,2.57,398.81,0.32,18.18


UPPER KOLAB,ORISSA,857.78,2814.24,847.20,2779.53,848.84,2784.91,843.78,2768.31,832.00,540.00,70.44,935.00,0.76,150.47,0.12,41.56


LOKTAK,MANIPUR,768.50,2521.33,768.50,2521.33,767.75,2518.86,766.01,2513.16,450.00,250.00,250.02,0.00,0.00,11.82


** BHAKRA - POTENTIAL OF 5282 MU INCLUDES THOSE OF GANGWAL AND KOTLA STATIONS AND CORRESPONDS TO A DRY YEAR. THE POTENTIAL FOR A DEPENDABLE YEAR IS 6057 MU.
*** INCLUDES GANGUWAL & KOTLA.
$ UKAI - THE POTENTIAL FOR DEPENDABLE YEAR DURING THE INITIAL YEAR IS 1080 MU AND WOULD REDUCE TO 605 MU AS AND WHEN UPSTREAM IRRIGATION DEVELOPS.
$$ ENERGY CONTENT AT GANDHI SAGAR INCLUDES FOR GENERATION AT R.P.SAGAR AND JAWAHAR SAGAR.
@ KOYNA - POTENTIAL OF 3523 MU IS CORRESPONDING TO 87 TMC OF WATER AVAILABLE FOR POWER GENERATION AS PER KRISHNA WATER DISPUTE TRIBUNAL AWARD FOR KOYNA I,II,III & IV.
* RANJIT SAGAR - ENERGY CONTENT AT F.R.L. WORKED OUT CONSIDERING NIL INFLOW IN THE RESERVIOR.
,DAILY REPORT OF HYDRO RESERVOIRS FOR,22-Apr-2009,1
,FULL,PRESENT,RESERVIOR,MIN. DRAW,ANNUAL,ENERGY ENERGY,EFF.,EFF. CAP,CUMMULATIVE
,RESERVOIR,RESERVOIR,LEVEL ON,DOWN,DESIGN,CONTENT CONTENT,CAP.,AT,ENERGY
,RESERVOIR,STATE,LEVEL,LEVEL,THE SAME,LEVEL,POTEN-,AT,AT,AT,PRESENT,GEN. FROM
,DAY LAST,TIAL,F.R.L. PRESENT,F.R.L.,LEVEL,1ST. OF
,YEAR,LEVEL,THE MONTH

,M,FT,M,FT,M,FT,M,FT,MU,MU,MU,MCM,MAFT,MCM,MAFT

BHAKRA,PUNJAB,513.59,1685.01,473.26,1552.70,462.31,1516.77,445.62,1462.01,5282.00,1728.80,334.49,6516.07,5.28,1510.75,1.22,162.17


PONG,PUNJAB,426.72,1400.00,402.73,1321.29,394.11,1293.01,384.05,1260.01,1123.00,1084.00,252.94,6946.00,5.63,1947.01,1.58,9.86


RANJIT SAGAR,PUNJAB,527.91,1731.99,500.20,1641.08,501.3,1644.69,487.91,1600.75,1507.00,390.30,103.07,7199.17,5.84,474.31,0.38,55.81


R.P. SAGAR,RAJASTHAN,352.81,1157.51,345.51,1133.56,351.38,1152.82,343.81,1127.99,459.00,175.66,28.57,1568.98,1.27,352.97,0.29,0.00


RIHAND,UTTAR PRADESH,268.22,879.99,256.73,842.30,255.64,838.71,252.98,829.99,920.00,860.50,146.40,5845.50,4.74,1066.48,0.86,28.63


RAM GANGA,UTTARAKHAND,366.00,1200.79,338.77,1111.45,338.35,1110.07,323.00,1059.71,164.00,480.80,87.71,2109.25,1.71,522.04,0.42,5.35


TEHRI,UTTARAKHAND,829.79,2722.41,759.95,2493.27,749.2,2458.01,740.04,2427.95,309.00,1291.49,146.56,2615.00,2.12,388.97,0.32,137.10


SARDAR SAROVAR,GUJARAT,138.68,454.99,115.15,377.79,118.64,389.24,110.84,363.65,5469.00,1817.55,128.34,5760.00,4.67,525.33,0.43,75.95


UKAI,GUJARAT,105.16,345.01,93.61,307.13,96.61,316.96,82.30,270.01,1080.00,813.08,250.99,6619.15,5.37,2159.34,1.75,46.36


GANDHI SAGAR,MADHYA PRADESH,399.90,1312.01,383.04,1256.70,386.27,1267.29,381.00,1250.00,420.48,725.00,28.80,6911.19,5.60,340.44,0.28,5.27


INDIRA SAGAR,MADHYA PRADESH,262.14,860.04,247.03,810.47,246.94,810.17,243.24,798.03,2628.00,1316.12,124.54,9706.00,7.87,974.65,0.79,68.42


BHIRA,MAHARASHTRA,606.03,1988.29,596.84,1958.14,597.06,1958.86,590.09,1935.99,790.00,618.80,224.88,522.76,0.42,189.98,0.15,20.57


KOYNA,MAHARASHTRA,657.91,2158.50,644.77,2115.40,643.55,2111.38,609.60,2000.00,3130.00,3126.10,1736.20,2677.14,2.17,1469.20,1.19,386.08


MACHKUND,ANDHRA PRADESH,838.20,2750.00,828.81,2719.19,836.19,2743.41,513.59,1685.01,670.00,551.60,178.34,892.55,0.72,288.57,0.23,32.17


NAGARJUN SAGAR,ANDHRA PRADESH,179.83,589.99,153.83,504.69,158.92,521.39,150.88,495.01,2237.00,1398.13,92.54,6537.80,5.30,510.62,0.41,12.86


SRISAILAM,ANDHRA PRADESH,269.75,885.01,245.36,804.99,259.81,852.40,243.84,800.00,4300.00,1391.84,28.88,7105.96,5.76,148.72,0.12,24.88


ALMATTI,KARNATAKA,519.62,1704.79,519.62,1704.79,508.78,1669.23,505.97,1660.01,483.00,175.35,175.37,2631.50,2.13,0.49

,133260.00
KALINDI SUPA,KARNATAKA,563.88,1850.00,525.34,1723.56,535.5,1756.89,513.52,1684.78,542.00,2885.00,368.26,108.04,16952.26,13.74,31.94


SHARAVATHY,KARNATAKA,554.43,1819.00,537.94,1764.90,541.28,1775.85,522.73,1714.99,5564.00,4557.03,995.25,4297.08,3.48,938.47,0.76,330.23


IDAMALAYAR,KERALA,169.00,554.46,136.40,447.51,143.18,469.75,114.99,377.26,380.00,254.45,60.60,1017.80,0.83,246.38,0.20,11.65


IDUKKI,KERALA,732.35,2402.72,708.53,2324.57,711.43,2334.09,694.94,2279.99,2398.00,2146.32,564.47,1459.50,1.18,383.85,0.31,129.90
,DAILY REPORT OF HYDRO RESERVOIRS FOR,22-Apr-2009,2
,FULL,PRESENT,RESERVIOR,MIN. DRAW,ANNUAL,ENERGY ENERGY,EFF.,EFF. CAP,CUMMULATIVE
,RESERVOIR,RESERVOIR,LEVEL ON,DOWN,DESIGN,CONTENT CONTENT,CAP.,AT,ENERGY
,RESERVOIR,STATE,LEVEL,LEVEL,THE SAME,LEVEL,POTEN-,AT,AT,AT,PRESENT,GEN. FROM
,DAY LAST,TIAL,F.R.L. PRESENT,F.R.L.,LEVEL,1ST. OF
,YEAR,LEVEL,THE MONTH

,M,FT,M,FT,M,FT,M,FT,MU,MU,MU,MCM,MAFT,MCM,MAFT

MADUPATTY,KERALA,1599.38,5247.31,1585.20,5200.79,1590.1,5216.86,1554.48,5100.00,6.40,77.40,32.06,55.32,0.04,22.74,0.02,0.00


SABRIGRI,KERALA,981.46,3220.01,968.08,3176.12,961.77,3155.41,908.30,2979.99,1338.00,764.00,430.62,446.26,0.36,267.50,0.22,72.61


KUNDAH GROUP,TAMIL NADU,1430.45,698,2290.03,1315.00,1270.00,436.00,346.50,0.28,222.98


METTURE,TAMIL NADU,240.79,789.99,221.04,725.20,234.17,768.27,211.23,693.01,790.00,204.00,27.20,2504.70,2.03,459.40,0.37,439.80


PERIYAR,TAMIL NADU,46.33,152.00,33.71,110.60,40.39,132.51,33.53,110.01,409.00,216.00,273.51,0.22,2.70,0.00,0.00


BALIMELA,ORISSA,462.08,1516.01,440.50,1445.20,447.17,1467.09,438.91,1439.99,1183.00,897.75,37.15,2675.96,2.17,110.72,0.09,44.77


HIRAKUD,ORISSA,192.02,629.99,183.93,603.45,185.53,608.69,179.83,589.99,1174.00,372.28,59.04,4709.43,3.82,890.82,0.72,17.35


INDRAVATI,ORISSA,641.84,2105.77,627.88,2059.97,629.18,2064.24,625.00,2050.52,1962.00,1213.13,84.77,1485.50,1.20,203.44,0.16,123.26


RENGALI,ORISSA,123.44,404.99,113.04,370.87,112.32,368.50,109.72,359.97,525.00,275.00,27.60,3167.81,2.57,398.81,0.32,19.65


UPPER KOLAB,ORISSA,857.78,2814.24,847.20,2779.53,848.73,2784.55,843.78,2768.31,832.00,540.00,70.44,935.00,0.76,150.47,0.12,44.08


LOKTAK,MANIPUR,768.50,2521.33,768.50,2521.33,767.71,2518.73,766.01,2513.16,450.00,250.00,250.02,0.00,0.00,12.44


** BHAKRA - POTENTIAL OF 5282 MU INCLUDES THOSE OF GANGWAL AND KOTLA STATIONS AND CORRESPONDS TO A DRY YEAR. THE POTENTIAL FOR A DEPENDABLE YEAR IS 6057 MU.
*** INCLUDES GANGUWAL & KOTLA.
$ UKAI - THE POTENTIAL FOR DEPENDABLE YEAR DURING THE INITIAL YEAR IS 1080 MU AND WOULD REDUCE TO 605 MU AS AND WHEN UPSTREAM IRRIGATION DEVELOPS.
$$ ENERGY CONTENT AT GANDHI SAGAR INCLUDES FOR GENERATION AT R.P.SAGAR AND JAWAHAR SAGAR.
@ KOYNA - POTENTIAL OF 3523 MU IS CORRESPONDING TO 87 TMC OF WATER AVAILABLE FOR POWER GENERATION AS PER KRISHNA WATER DISPUTE TRIBUNAL AWARD FOR KOYNA I,II,III & IV.
* RANJIT SAGAR - ENERGY CONTENT AT F.R.L. WORKED OUT CONSIDERING NIL INFLOW IN THE RESERVIOR.
,DAILY REPORT OF HYDRO RESERVOIRS FOR,23-Apr-2009,1
,FULL,PRESENT,RESERVIOR,MIN. DRAW,ANNUAL,ENERGY ENERGY,EFF.,EFF. CAP,CUMMULATIVE
,RESERVOIR,RESERVOIR,LEVEL ON,DOWN,DESIGN,CONTENT CONTENT,CAP.,AT,ENERGY
,RESERVOIR,STATE,LEVEL,LEVEL,THE SAME,LEVEL,POTEN-,AT,AT,AT,PRESENT,GEN. FROM
,DAY LAST,TIAL,F.R.L. PRESENT,F.R.L.,LEVEL,1ST. OF
,YEAR,LEVEL,THE MONTH

,M,FT,M,FT,M,FT,M,FT,MU,MU,MU,MCM,MAFT,MCM,MAFT

BHAKRA,PUNJAB,513.59,1685.01,473.12,1552.24,462.37,1516.96,445.62,1462.01,5282.00,1728.80,331.87,6516.07,5.28,1499.78,1.22,170.70


PONG,PUNJAB,426.72,1400.00,402.75,1321.35,394.04,1292.78,384.05,1260.01,1123.00,1084.00,253.34,6946.00,5.63,1949.77,1.58,10.08


RANJIT SAGAR,PUNJAB,527.91,1731.99,499.88,1640.03,501.58,1645.60,487.91,1600.75,1507.00,390.30,99.53,7199.17,5.84,459.89,0.37,61.65


R.P. SAGAR,RAJASTHAN,352.81,1157.51,345.55,1133.70,351.5,1153.22,343.81,1127.99,459.00,175.66,29.30,1568.98,1.27,359.19,0.29,0.00


RIHAND,UTTAR PRADESH,268.22,879.99,256.67,842.10,255.61,838.62,252.98,829.99,920.00,860.50,143.80,5845.50,4.74,1048.29,0.85,30.30


RAM GANGA,UTTARAKHAND,366.00,1200.79,338.59,1110.86,338.09,1109.22,323.00,1059.71,164.00,480.80,86.25,2109.25,1.71,515.39,0.42,6.83


TEHRI,UTTARAKHAND,829.79,2722.41,759.00,2490.16,748.8,2456.69,740.04,2427.95,309.00,1291.49,138.29,2615.00,2.12,368.55,0.30,143.79


SARDAR SAROVAR,GUJARAT,138.68,454.99,115.00,377.30,118.54,388.91,110.84,363.65,5469.00,1817.55,122.82,5760.00,4.67,503.87,0.41,79.87


UKAI,GUJARAT,105.16,345.01,93.54,306.90,96.53,316.70,82.30,270.01,1080.00,813.08,248.96,6619.15,5.37,2138.46,1.73,47.98


GANDHI SAGAR,MADHYA PRADESH,399.90,1312.01,385.67,1265.32,386.22,1267.13,381.00,1250.00,420.48,725.00,76.24,6911.19,5.60,874.78,0.71,5.61


INDIRA SAGAR,MADHYA PRADESH,262.14,860.04,246.83,809.81,246.89,810.01,243.24,798.03,2628.00,1316.12,117.05,9706.00,7.87,915.95,0.74,76.04


BHIRA,MAHARASHTRA,606.03,1988.29,606.03,1988.29,590.09,1935.99,590.09,1935.99,790.00,618.80,617.58,522.76,0.42,521.73,0.42,22.30


KOYNA,MAHARASHTRA,657.91,2158.50,644.59,2114.80,609.6,2000.00,609.60,2000.00,3130.00,3126.10,1719.60,2677.14,2.17,1456.00,1.18,405.27


MACHKUND,ANDHRA PRADESH,838.20,2750.00,828.42,2717.91,836.1,2743.11,513.59,1685.01,670.00,551.60,168.02,892.55,0.72,271.87,0.22,33.58


NAGARJUN SAGAR,ANDHRA PRADESH,179.83,589.99,153.71,504.30,159.23,522.41,150.88,495.01,2237.00,1398.13,88.59,6537.80,5.30,489.38,0.40,12.86


SRISAILAM,ANDHRA PRADESH,269.75,885.01,245.36,804.99,259.63,851.80,243.84,800.00,4300.00,1391.84,28.88,7105.96,5.76,148.72,0.12,24.88


ALMATTI,KARNATAKA,519.62,1704.79,507.23,1664.14,508.78,1669.23,505.97,1660.01,483.00,175.35,3.80,2631.50,2.13,72.07,0.06,0.49

,133260.00
KALINDI SUPA,KARNATAKA,563.88,1850.00,525.25,1723.26,535.24,1756.04,513.52,1684.78,542.00,2885.00,365.02,108.04,16802.96,13.62,31.94


SHARAVATHY,KARNATAKA,554.43,1819.00,537.87,1764.67,541.14,1775.39,522.73,1714.99,5564.00,4557.03,987.47,4297.08,3.48,931.14,0.75,340.94


IDAMALAYAR,KERALA,169.00,554.46,136.20,446.85,142.96,469.03,114.99,377.26,380.00,254.45,59.70,1017.80,0.83,242.63,0.20,12.45


IDUKKI,KERALA,732.35,2402.72,708.43,2324.25,711.18,2333.27,694.94,2279.99,2398.00,2146.32,559.34,1459.50,1.18,380.36,0.31,136.61
,DAILY REPORT OF HYDRO RESERVOIRS FOR,23-Apr-2009,2
,FULL,PRESENT,RESERVIOR,MIN. DRAW,ANNUAL,ENERGY ENERGY,EFF.,EFF. CAP,CUMMULATIVE
,RESERVOIR,RESERVOIR,LEVEL ON,DOWN,DESIGN,CONTENT CONTENT,CAP.,AT,ENERGY
,RESERVOIR,STATE,LEVEL,LEVEL,THE SAME,LEVEL,POTEN-,AT,AT,AT,PRESENT,GEN. FROM
,DAY LAST,TIAL,F.R.L. PRESENT,F.R.L.,LEVEL,1ST. OF
,YEAR,LEVEL,THE MONTH

,M,FT,M,FT,M,FT,M,FT,MU,MU,MU,MCM,MAFT,MCM,MAFT

MADUPATTY,KERALA,1599.38,5247.31,1585.35,5201.28,1589.9,5216.21,1554.48,5100.00,6.40,77.40,32.39,55.32,0.04,22.97,0.02,0.00


SABRIGRI,KERALA,981.46,3220.01,967.90,3175.52,961.5,3154.53,908.30,2979.99,1338.00,764.00,427.30,446.26,0.36,265.42,0.22,76.14


KUNDAH GROUP,TAMIL NADU,1430.45,689,2260.50,1315.00,1270.00,436.00,346.50,0.28,233.11


METTURE,TAMIL NADU,240.79,789.99,220.98,725.00,234.15,768.21,211.23,693.01,790.00,204.00,26.90,2504.70,2.03,455.70,0.37,459.16


PERIYAR,TAMIL NADU,46.33,152.00,33.71,110.60,40.39,132.51,33.53,110.01,409.00,216.00,273.51,0.22,2.70,0.00,0.00


BALIMELA,ORISSA,462.08,1516.01,440.50,1445.20,447.08,1466.80,438.91,1439.99,1183.00,897.75,37.15,2675.96,2.17,110.72,0.09,47.55


HIRAKUD,ORISSA,192.02,629.99,183.93,603.45,185.48,608.53,179.83,589.99,1174.00,372.28,59.04,4709.43,3.82,890.82,0.72,18.17


INDRAVATI,ORISSA,641.84,2105.77,627.88,2059.97,629.07,2063.88,625.00,2050.52,1962.00,1213.13,84.77,1485.50,1.20,203.44,0.16,130.32


RENGALI,ORISSA,123.44,404.99,113.04,370.87,112.23,368.21,109.72,359.97,525.00,275.00,27.60,3167.81,2.57,398.81,0.32,21.12


UPPER KOLAB,ORISSA,857.78,2814.24,847.20,2779.53,848.64,2784.25,843.78,2768.31,832.00,540.00,70.44,935.00,0.76,150.47,0.12,46.60


LOKTAK,MANIPUR,768.50,2521.33,766.94,2516.21,767.7,2518.70,766.01,2513.16,450.00,250.00,29.80,0.00,0.00,13.01


** BHAKRA - POTENTIAL OF 5282 MU INCLUDES THOSE OF GANGWAL AND KOTLA STATIONS AND CORRESPONDS TO A DRY YEAR. THE POTENTIAL FOR A DEPENDABLE YEAR IS 6057 MU.
*** INCLUDES GANGUWAL & KOTLA.
$ UKAI - THE POTENTIAL FOR DEPENDABLE YEAR DURING THE INITIAL YEAR IS 1080 MU AND WOULD REDUCE TO 605 MU AS AND WHEN UPSTREAM IRRIGATION DEVELOPS.
$$ ENERGY CONTENT AT GANDHI SAGAR INCLUDES FOR GENERATION AT R.P.SAGAR AND JAWAHAR SAGAR.
@ KOYNA - POTENTIAL OF 3523 MU IS CORRESPONDING TO 87 TMC OF WATER AVAILABLE FOR POWER GENERATION AS PER KRISHNA WATER DISPUTE TRIBUNAL AWARD FOR KOYNA I,II,III & IV.
* RANJIT SAGAR - ENERGY CONTENT AT F.R.L. WORKED OUT CONSIDERING NIL INFLOW IN THE RESERVIOR.
,DAILY REPORT OF HYDRO RESERVOIRS FOR,26-Apr-2009,1
,FULL,PRESENT,RESERVIOR,MIN. DRAW,ANNUAL,ENERGY ENERGY,EFF.,EFF. CAP,CUMMULATIVE
,RESERVOIR,RESERVOIR,LEVEL ON,DOWN,DESIGN,CONTENT CONTENT,CAP.,AT,ENERGY
,RESERVOIR,STATE,LEVEL,LEVEL,THE SAME,LEVEL,POTEN-,AT,AT,AT,PRESENT,GEN. FROM
,DAY LAST,TIAL,F.R.L. PRESENT,F.R.L.,LEVEL,1ST. OF
,YEAR,LEVEL,THE MONTH

,M,FT,M,FT,M,FT,M,FT,MU,MU,MU,MCM,MAFT,MCM,MAFT

BHAKRA,PUNJAB,513.59,1685.01,472.43,1549.96,462.37,1516.96,445.62,1462.01,5282.00,1728.80,2997.17,6516.07,5.28,1445.44,1.17,196.26


PONG,PUNJAB,426.72,1400.00,402.70,1321.21,394.04,1292.78,384.05,1260.01,1123.00,1084.00,252.41,6946.00,5.63,1943.33,1.58,10.73


RANJIT SAGAR,PUNJAB,527.91,1731.99,499.01,1637.17,502.89,1649.90,487.91,1600.75,1507.00,390.30,91.35,7199.17,5.84,426.74,0.35,78.96


R.P. SAGAR,RAJASTHAN,352.81,1157.51,345.61,1133.90,351.5,1153.22,343.81,1127.99,459.00,175.66,30.35,1568.98,1.27,368.07,0.30,0.00


RIHAND,UTTAR PRADESH,268.22,879.99,256.58,841.80,255.61,838.62,252.98,829.99,920.00,860.50,140.00,5845.50,4.74,1021.01,0.83,35.47


RAM GANGA,UTTARAKHAND,366.00,1200.79,338.59,1110.86,338.09,1109.22,323.00,1059.71,164.00,480.80,86.25,2109.25,1.71,515.39,0.42,11.27


TEHRI,UTTARAKHAND,829.79,2722.41,757.30,2484.58,748.8,2456.69,740.04,2427.95,309.00,1291.49,123.63,2615.00,2.12,332.00,0.27,163.97


SARDAR SAROVAR,GUJARAT,138.68,454.99,115.32,378.35,118.37,388.35,110.84,363.65,5469.00,1817.55,134.60,5760.00,4.67,549.62,0.45,91.63


UKAI,GUJARAT,105.16,345.01,93.36,306.30,96.53,316.70,82.30,270.01,1080.00,813.08,243.67,6619.15,5.37,2084.44,1.69,52.70


GANDHI SAGAR,MADHYA PRADESH,399.90,1312.01,382.51,1254.96,386.22,1267.13,381.00,1250.00,420.48,725.00,20.84,6911.19,5.60,232.63,0.19,6.40


INDIRA SAGAR,MADHYA PRADESH,262.14,860.04,246.71,809.42,246.89,810.01,243.24,798.03,2628.00,1316.12,112.62,9706.00,7.87,881.24,0.71,93.73


BHIRA,MAHARASHTRA,606.03,1988.29,606.03,1988.29,590.09,1935.99,590.09,1935.99,790.00,618.80,617.58,522.76,0.42,521.73,0.42,26.23


KOYNA,MAHARASHTRA,657.91,2158.50,644.59,2114.80,609.6,2000.00,609.60,2000.00,3130.00,3126.10,1719.60,2677.14,2.17,1456.00,1.18,471.26


MACHKUND,ANDHRA PRADESH,838.20,2750.00,828.23,2717.29,836.1,2743.11,513.59,1685.01,670.00,551.60,163.11,892.55,0.72,263.93,0.21,37.93


NAGARJUN SAGAR,ANDHRA PRADESH,179.83,589.99,153.65,504.10,159.23,522.41,150.88,495.01,2237.00,1398.13,86.61,6537.80,5.30,478.76,0.39,12.86


SRISAILAM,ANDHRA PRADESH,269.75,885.01,245.36,804.99,259.63,851.80,243.84,800.00,4300.00,1391.84,28.88,7105.96,5.76,148.72,0.12,24.88


ALMATTI,KARNATAKA,519.62,1704.79,507.19,1664.01,508.78,1669.23,505.97,1660.01,483.00,175.35,3.68,2631.50,2.13,70.28,0.06,0.49

,133260.00
KALINDI SUPA,KARNATAKA,563.88,1850.00,525.08,1722.70,535.24,1756.04,513.52,1684.78,542.00,2885.00,358.90,108.04,16520.56,13.39,31.94


SHARAVATHY,KARNATAKA,554.43,1819.00,537.50,1763.45,541.14,1775.39,522.73,1714.99,5564.00,4557.03,946.46,4297.08,3.48,892.46,0.72,370.41


IDAMALAYAR,KERALA,169.00,554.46,135.62,444.95,142.96,469.03,114.99,377.26,380.00,254.45,57.36,1017.80,0.83,231.79,0.19,14.80


IDUKKI,KERALA,732.35,2402.72,708.04,2322.97,711.18,2333.27,694.94,2279.99,2398.00,2146.32,539.34,1459.50,1.18,366.76,0.30,154.29
,DAILY REPORT OF HYDRO RESERVOIRS FOR,26-Apr-2009,2
,FULL,PRESENT,RESERVIOR,MIN. DRAW,ANNUAL,ENERGY ENERGY,EFF.,EFF. CAP,CUMMULATIVE
,RESERVOIR,RESERVOIR,LEVEL ON,DOWN,DESIGN,CONTENT CONTENT,CAP.,AT,ENERGY
,RESERVOIR,STATE,LEVEL,LEVEL,THE SAME,LEVEL,POTEN-,AT,AT,AT,PRESENT,GEN. FROM
,DAY LAST,TIAL,F.R.L. PRESENT,F.R.L.,LEVEL,1ST. OF
,YEAR,LEVEL,THE MONTH

,M,FT,M,FT,M,FT,M,FT,MU,MU,MU,MCM,MAFT,MCM,MAFT

MADUPATTY,KERALA,1599.38,5247.31,1585.85,5202.92,1589.9,5216.21,1554.48,5100.00,6.40,77.40,33.49,55.32,0.04,23.75,0.02,0.00


SABRIGRI,KERALA,981.46,3220.01,967.62,3174.61,961.5,3154.53,908.30,2979.99,1338.00,764.00,422.19,446.26,0.36,262.19,0.21,86.46


KUNDAH GROUP,TAMIL NADU,1407.48,689,2260.50,1315.00,1270.00,429.00,346.50,0.28,263.49


METTURE,TAMIL NADU,240.79,789.99,220.93,724.84,234.15,768.21,211.23,693.01,790.00,204.00,26.80,2504.70,2.03,452.37,0.37,518.04


PERIYAR,TAMIL NADU,46.33,152.00,33.74,110.70,40.39,132.51,33.53,110.01,409.00,216.00,273.51,0.22,3.15,0.00,0.00


BALIMELA,ORISSA,462.08,1516.01,440.25,1444.40,447.08,1466.80,438.91,1439.99,1183.00,897.75,31.35,2675.96,2.17,93.45,0.08,57.22


HIRAKUD,ORISSA,192.02,629.99,183.60,602.35,185.48,608.53,179.83,589.99,1174.00,372.28,52.59,4709.43,3.82,793.32,0.64,20.70


INDRAVATI,ORISSA,641.84,2105.77,627.30,2058.07,629.07,2063.88,625.00,2050.52,1962.00,1213.13,68.59,1485.50,1.20,164.35,0.13,150.85


RENGALI,ORISSA,123.44,404.99,112.41,368.80,112.23,368.21,109.72,359.97,525.00,275.00,20.20,3167.81,2.57,319.31,0.26,25.66


UPPER KOLAB,ORISSA,857.78,2814.24,846.50,2777.23,848.64,2784.25,843.78,2768.31,832.00,540.00,54.34,935.00,0.76,122.09,0.10,55.20


LOKTAK,MANIPUR,768.50,2521.33,766.94,2516.21,767.7,2518.70,766.01,2513.16,450.00,250.00,29.80,0.00,0.00,14.72


** BHAKRA - POTENTIAL OF 5282 MU INCLUDES THOSE OF GANGWAL AND KOTLA STATIONS AND CORRESPONDS TO A DRY YEAR. THE POTENTIAL FOR A DEPENDABLE YEAR IS 6057 MU.
*** INCLUDES GANGUWAL & KOTLA.
$ UKAI - THE POTENTIAL FOR DEPENDABLE YEAR DURING THE INITIAL YEAR IS 1080 MU AND WOULD REDUCE TO 605 MU AS AND WHEN UPSTREAM IRRIGATION DEVELOPS.
$$ ENERGY CONTENT AT GANDHI SAGAR INCLUDES FOR GENERATION AT R.P.SAGAR AND JAWAHAR SAGAR.
@ KOYNA - POTENTIAL OF 3523 MU IS CORRESPONDING TO 87 TMC OF WATER AVAILABLE FOR POWER GENERATION AS PER KRISHNA WATER DISPUTE TRIBUNAL AWARD FOR KOYNA I,II,III & IV.
* RANJIT SAGAR - ENERGY CONTENT AT F.R.L. WORKED OUT CONSIDERING NIL INFLOW IN THE RESERVIOR.
,DAILY REPORT OF HYDRO RESERVOIRS FOR,27-Apr-2009,1
,FULL,PRESENT,RESERVIOR,MIN. DRAW,ANNUAL,ENERGY ENERGY,EFF.,EFF. CAP,CUMMULATIVE
,RESERVOIR,RESERVOIR,LEVEL ON,DOWN,DESIGN,CONTENT CONTENT,CAP.,AT,ENERGY
,RESERVOIR,STATE,LEVEL,LEVEL,THE SAME,LEVEL,POTEN-,AT,AT,AT,PRESENT,GEN. FROM
,DAY LAST,TIAL,F.R.L. PRESENT,F.R.L.,LEVEL,1ST. OF
,YEAR,LEVEL,THE MONTH

,M,FT,M,FT,M,FT,M,FT,MU,MU,MU,MCM,MAFT,MCM,MAFT

BHAKRA,PUNJAB,513.59,1685.01,472.20,1549.20,462.63,1517.81,445.62,1462.01,5282.00,1728.80,872.44,6516.07,5.28,1427.31,1.16,205.26


PONG,PUNJAB,426.72,1400.00,402.66,1321.05,393.64,1291.47,384.05,1260.01,1123.00,1084.00,251.34,6946.00,5.63,1935.97,1.57,12.64


RANJIT SAGAR,PUNJAB,527.91,1731.99,498.70,1636.15,503.32,1651.31,487.91,1600.75,1507.00,390.30,88.43,7199.17,5.84,414.94,0.34,85.20


R.P. SAGAR,RAJASTHAN,352.81,1157.51,345.63,1133.97,351.53,1153.31,343.81,1127.99,459.00,175.66,30.72,1568.98,1.27,371.18,0.30,0.00


RIHAND,UTTAR PRADESH,268.22,879.99,256.58,841.80,255.39,837.89,252.98,829.99,920.00,860.50,140.00,5845.50,4.74,1021.01,0.83,38.12


RAM GANGA,UTTARAKHAND,366.00,1200.79,337.77,1108.17,337.79,1108.23,323.00,1059.71,164.00,480.80,79.46,2109.25,1.71,485.03,0.39,12.72


TEHRI,UTTARAKHAND,829.79,2722.41,756.60,2482.28,747.95,2453.90,740.04,2427.95,309.00,1291.49,117.66,2615.00,2.12,316.95,0.26,170.60


SARDAR SAROVAR,GUJARAT,138.68,454.99,121.01,397.01,118.28,388.06,110.84,363.65,5469.00,1817.55,372.21,5760.00,4.67,1401.05,1.14,95.55


UKAI,GUJARAT,105.16,345.01,93.28,306.03,96.26,315.81,82.30,270.01,1080.00,813.08,241.28,6619.15,5.37,2060.12,1.67,54.17


GANDHI SAGAR,MADHYA PRADESH,399.90,1312.01,382.50,1254.92,386.16,1266.93,381.00,1250.00,420.48,725.00,20.68,6911.19,5.60,230.91,0.19,6.78


INDIRA SAGAR,MADHYA PRADESH,262.14,860.04,246.70,809.38,246.76,809.58,243.24,798.03,2628.00,1316.12,112.25,9706.00,7.87,878.34,0.71,96.09


BHIRA,MAHARASHTRA,606.03,1988.29,606.03,1988.29,596.68,1957.61,590.09,1935.99,790.00,618.80,617.58,522.76,0.42,521.73,0.42,28.22


KOYNA,MAHARASHTRA,657.91,2158.50,643.62,2111.60,643.04,2109.71,609.60,2000.00,3130.00,3126.10,1638.40,2677.14,2.17,1387.00,1.12,506.36


MACHKUND,ANDHRA PRADESH,838.20,2750.00,828.17,2717.09,835.94,2742.59,513.59,1685.01,670.00,551.60,161.56,892.55,0.72,261.42,0.21,39.49


NAGARJUN SAGAR,ANDHRA PRADESH,179.83,589.99,153.65,504.10,160.42,526.31,150.88,495.01,2237.00,1398.13,86.61,6537.80,5.30,478.76,0.39,12.86


SRISAILAM,ANDHRA PRADESH,269.75,885.01,245.36,804.99,258.56,848.29,243.84,800.00,4300.00,1391.84,28.88,7105.96,5.76,148.72,0.12,24.88


ALMATTI,KARNATAKA,519.62,1704.79,507.18,1663.98,508.78,1669.23,505.97,1660.01,483.00,175.35,3.66,2631.50,2.13,69.82,0.06,0.49

,133260.00
KALINDI SUPA,KARNATAKA,563.88,1850.00,525.07,1722.67,534.12,1752.36,513.52,1684.78,542.00,2885.00,358.55,108.04,16504.36,13.38,31.94


SHARAVATHY,KARNATAKA,554.43,1819.00,537.44,1763.25,540.58,1773.56,522.73,1714.99,5564.00,4557.03,939.84,4297.08,3.48,886.22,0.72,385.88


IDAMALAYAR,KERALA,169.00,554.46,135.42,444.29,142.43,467.29,114.99,377.26,380.00,254.45,56.61,1017.80,0.83,228.04,0.18,15.76


IDUKKI,KERALA,732.35,2402.72,707.96,2322.70,710.12,2329.79,694.94,2279.99,2398.00,2146.32,535.23,1459.50,1.18,363.96,0.30,162.18
,DAILY REPORT OF HYDRO RESERVOIRS FOR,27-Apr-2009,2
,FULL,PRESENT,RESERVIOR,MIN. DRAW,ANNUAL,ENERGY ENERGY,EFF.,EFF. CAP,CUMMULATIVE
,RESERVOIR,RESERVOIR,LEVEL ON,DOWN,DESIGN,CONTENT CONTENT,CAP.,AT,ENERGY
,RESERVOIR,STATE,LEVEL,LEVEL,THE SAME,LEVEL,POTEN-,AT,AT,AT,PRESENT,GEN. FROM
,DAY LAST,TIAL,F.R.L. PRESENT,F.R.L.,LEVEL,1ST. OF
,YEAR,LEVEL,THE MONTH

,M,FT,M,FT,M,FT,M,FT,MU,MU,MU,MCM,MAFT,MCM,MAFT

MADUPATTY,KERALA,1599.38,5247.31,1586.00,5203.41,1589.1,5213.58,1554.48,5100.00,6.40,77.40,33.89,55.32,0.04,24.03,0.02,0.00


SABRIGRI,KERALA,981.46,3220.01,967.49,3174.18,960.36,3150.79,908.30,2979.99,1338.00,764.00,419.87,446.26,0.36,260.71,0.21,90.45


KUNDAH GROUP,TAMIL NADU,1397.64,644,2112.86,1315.00,1270.00,426.00,346.50,0.28,273.62


METTURE,TAMIL NADU,240.79,789.99,220.93,724.84,234.1,768.04,211.23,693.01,790.00,204.00,26.80,2504.70,2.03,452.37,0.37,538.20


PERIYAR,TAMIL NADU,46.33,152.00,33.93,111.32,40.51,132.91,33.53,110.01,409.00,216.00,5.28,273.51,0.22,5.98,0.00,0.00


BALIMELA,ORISSA,462.08,1516.01,440.22,1444.30,446.65,1465.39,438.91,1439.99,1183.00,897.75,30.64,2675.96,2.17,91.32,0.07,60.44


HIRAKUD,ORISSA,192.02,629.99,183.54,602.15,185.2,607.61,179.83,589.99,1174.00,372.28,51.42,4709.43,3.82,776.30,0.63,21.54


INDRAVATI,ORISSA,641.84,2105.77,627.20,2057.74,628.61,2062.37,625.00,2050.52,1962.00,1213.13,65.81,1485.50,1.20,157.61,0.13,158.74


RENGALI,ORISSA,123.44,404.99,112.28,368.37,111.82,366.86,109.72,359.97,525.00,275.00,18.49,3167.81,2.57,306.72,0.25,27.19


UPPER KOLAB,ORISSA,857.78,2814.24,846.37,2776.80,848.3,2783.14,843.78,2768.31,832.00,540.00,51.73,935.00,0.76,117.62,0.10,58.06


LOKTAK,MANIPUR,768.50,2521.33,766.85,2515.91,767.6,2518.37,766.01,2513.16,450.00,250.00,25.33,0.00,0.00,15.34


** BHAKRA - POTENTIAL OF 5282 MU INCLUDES THOSE OF GANGWAL AND KOTLA STATIONS AND CORRESPONDS TO A DRY YEAR. THE POTENTIAL FOR A DEPENDABLE YEAR IS 6057 MU.
*** INCLUDES GANGUWAL & KOTLA.
$ UKAI - THE POTENTIAL FOR DEPENDABLE YEAR DURING THE INITIAL YEAR IS 1080 MU AND WOULD REDUCE TO 605 MU AS AND WHEN UPSTREAM IRRIGATION DEVELOPS.
$$ ENERGY CONTENT AT GANDHI SAGAR INCLUDES FOR GENERATION AT R.P.SAGAR AND JAWAHAR SAGAR.
@ KOYNA - POTENTIAL OF 3523 MU IS CORRESPONDING TO 87 TMC OF WATER AVAILABLE FOR POWER GENERATION AS PER KRISHNA WATER DISPUTE TRIBUNAL AWARD FOR KOYNA I,II,III & IV.
* RANJIT SAGAR - ENERGY CONTENT AT F.R.L. WORKED OUT CONSIDERING NIL INFLOW IN THE RESERVIOR.
,DAILY REPORT OF HYDRO RESERVOIRS FOR,28-Apr-2009,1
,FULL,PRESENT,RESERVIOR,MIN. DRAW,ANNUAL,ENERGY ENERGY,EFF.,EFF. CAP,CUMMULATIVE
,RESERVOIR,RESERVOIR,LEVEL ON,DOWN,DESIGN,CONTENT CONTENT,CAP.,AT,ENERGY
,RESERVOIR,STATE,LEVEL,LEVEL,THE SAME,LEVEL,POTEN-,AT,AT,AT,PRESENT,GEN. FROM
,DAY LAST,TIAL,F.R.L. PRESENT,F.R.L.,LEVEL,1ST. OF
,YEAR,LEVEL,THE MONTH

,M,FT,M,FT,M,FT,M,FT,MU,MU,MU,MCM,MAFT,MCM,MAFT

BHAKRA,PUNJAB,513.59,1685.01,471.99,1548.52,462.55,1517.55,445.62,1462.01,5282.00,1728.80,310.47,6516.07,5.28,1411.10,1.14,214.45


PONG,PUNJAB,426.72,1400.00,402.62,1320.94,393.54,1291.14,384.05,1260.01,1123.00,1084.00,250.60,6946.00,5.63,1930.91,1.57,14.16


RANJIT SAGAR,PUNJAB,527.91,1731.99,498.42,1635.24,503.71,1652.59,487.91,1600.75,1507.00,390.30,85.80,7199.17,5.84,404.27,0.33,91.37


R.P. SAGAR,RAJASTHAN,352.81,1157.51,345.64,1133.98,351.7,1153.87,343.81,1127.99,459.00,175.66,30.78,1568.98,1.27,371.62,0.30,0.00


RIHAND,UTTAR PRADESH,268.22,879.99,256.43,841.30,255.36,837.80,252.98,829.99,920.00,860.50,133.75,5845.50,4.74,975.55,0.79,41.13


RAM GANGA,UTTARAKHAND,366.00,1200.79,337.58,1107.55,336.58,1104.27,323.00,1059.71,164.00,480.80,77.80,2109.25,1.71,478.00,0.39,14.17


TEHRI,UTTARAKHAND,829.79,2722.41,756.95,2483.43,747.65,2452.92,740.04,2427.95,309.00,1291.49,120.64,2615.00,2.12,324.48,0.26,177.13


SARDAR SAROVAR,GUJARAT,138.68,454.99,121.00,396.98,118.23,387.89,110.84,363.65,5469.00,1817.55,371.68,5760.00,4.67,1399.28,1.13,99.47


UKAI,GUJARAT,105.16,345.01,93.20,305.78,96.19,315.58,82.30,270.01,1080.00,813.08,239.08,6619.15,5.37,2037.61,1.65,55.57


GANDHI SAGAR,MADHYA PRADESH,399.90,1312.01,382.47,1254.82,385.9,1266.08,381.00,1250.00,420.48,725.00,20.28,6911.19,5.60,226.59,0.18,6.78


INDIRA SAGAR,MADHYA PRADESH,262.14,860.04,246.69,809.35,246.69,809.35,243.24,798.03,2628.00,1316.12,111.88,9706.00,7.87,875.44,0.71,98.31


BHIRA,MAHARASHTRA,606.03,1988.29,596.34,1956.50,596.66,1957.55,590.09,1935.99,790.00,618.80,206.03,522.76,0.42,174.06,0.14,30.20


KOYNA,MAHARASHTRA,657.91,2158.50,643.62,2111.60,643.04,2109.71,609.60,2000.00,3130.00,3126.10,1638.40,2677.14,2.17,1387.00,1.12,539.72


MACHKUND,ANDHRA PRADESH,838.20,2750.00,828.11,2716.90,835.91,2742.49,513.59,1685.01,670.00,551.60,160.03,892.55,0.72,258.93,0.21,41.06


NAGARJUN SAGAR,ANDHRA PRADESH,179.83,589.99,153.62,504.00,160.48,526.51,150.88,495.01,2237.00,1398.13,85.62,6537.80,5.30,473.42,0.38,12.86


SRISAILAM,ANDHRA PRADESH,269.75,885.01,245.36,804.99,258.35,847.60,243.84,800.00,4300.00,1391.84,28.88,7105.96,5.76,148.72,0.12,24.88


ALMATTI,KARNATAKA,519.62,1704.79,507.16,1663.91,508.78,1669.23,505.97,1660.01,483.00,175.35,3.60,2631.50,2.13,68.93,0.06,0.49

,133260.00
KALINDI SUPA,KARNATAKA,563.88,1850.00,525.07,1722.67,533.85,1751.48,513.52,1684.78,542.00,2885.00,358.55,108.04,16504.36,13.38,32.36


SHARAVATHY,KARNATAKA,554.43,1819.00,537.29,1762.76,540.44,1773.10,522.73,1714.99,5564.00,4557.03,923.20,4297.08,3.48,870.54,0.71,400.92


IDAMALAYAR,KERALA,169.00,554.46,135.20,443.57,142.29,466.83,114.99,377.26,380.00,254.45,55.79,1017.80,0.83,223.93,0.18,16.60


IDUKKI,KERALA,732.35,2402.72,707.79,2322.15,710.01,2329.43,694.94,2279.99,2398.00,2146.32,526.61,1459.50,1.18,358.09,0.29,171.41
,DAILY REPORT OF HYDRO RESERVOIRS FOR,28-Apr-2009,2
,FULL,PRESENT,RESERVIOR,MIN. DRAW,ANNUAL,ENERGY ENERGY,EFF.,EFF. CAP,CUMMULATIVE
,RESERVOIR,RESERVOIR,LEVEL ON,DOWN,DESIGN,CONTENT CONTENT,CAP.,AT,ENERGY
,RESERVOIR,STATE,LEVEL,LEVEL,THE SAME,LEVEL,POTEN-,AT,AT,AT,PRESENT,GEN. FROM
,DAY LAST,TIAL,F.R.L. PRESENT,F.R.L.,LEVEL,1ST. OF
,YEAR,LEVEL,THE MONTH

,M,FT,M,FT,M,FT,M,FT,MU,MU,MU,MCM,MAFT,MCM,MAFT

MADUPATTY,KERALA,1599.38,5247.31,1586.05,5203.58,1588.95,5213.09,1554.48,5100.00,6.40,77.40,34.03,55.32,0.04,24.13,0.02,0.00


SABRIGRI,KERALA,981.46,3220.01,967.35,3173.72,960.09,3149.90,908.30,2979.99,1338.00,764.00,417.36,446.26,0.36,259.11,0.21,94.03


KUNDAH GROUP,TAMIL NADU,1397.64,637,2089.90,1315.00,1270.00,426.00,346.50,0.28,283.77


METTURE,TAMIL NADU,240.79,789.99,220.93,724.84,234.08,767.98,211.23,693.01,790.00,204.00,26.80,2504.70,2.03,452.37,0.37,558.36


PERIYAR,TAMIL NADU,46.33,152.00,33.71,110.60,40.51,132.91,33.53,110.01,409.00,216.00,273.51,0.22,2.70,0.00,0.00


BALIMELA,ORISSA,462.08,1516.01,440.19,1444.20,446.53,1464.99,438.91,1439.99,1183.00,897.75,29.93,2675.96,2.17,89.20,0.07,64.15


HIRAKUD,ORISSA,192.02,629.99,183.44,601.85,185.14,607.41,179.83,589.99,1174.00,372.28,49.00,4709.43,3.82,750.39,0.61,22.96


INDRAVATI,ORISSA,641.84,2105.77,627.10,2057.41,628.53,2062.11,625.00,2050.52,1962.00,1213.13,63.02,1485.50,1.20,150.87,0.12,166.63


RENGALI,ORISSA,123.44,404.99,112.18,368.04,111.71,366.50,109.72,359.97,525.00,275.00,17.18,3167.81,2.57,297.02,0.24,28.82


UPPER KOLAB,ORISSA,857.78,2814.24,846.27,2776.48,848.19,2782.78,843.78,2768.31,832.00,540.00,49.73,935.00,0.76,114.18,0.09,61.16


LOKTAK,MANIPUR,768.50,2521.33,766.85,2515.91,767.63,2518.47,766.01,2513.16,450.00,250.00,25.33,0.00,0.00,15.96


** BHAKRA - POTENTIAL OF 5282 MU INCLUDES THOSE OF GANGWAL AND KOTLA STATIONS AND CORRESPONDS TO A DRY YEAR. THE POTENTIAL FOR A DEPENDABLE YEAR IS 6057 MU.
*** INCLUDES GANGUWAL & KOTLA.
$ UKAI - THE POTENTIAL FOR DEPENDABLE YEAR DURING THE INITIAL YEAR IS 1080 MU AND WOULD REDUCE TO 605 MU AS AND WHEN UPSTREAM IRRIGATION DEVELOPS.
$$ ENERGY CONTENT AT GANDHI SAGAR INCLUDES FOR GENERATION AT R.P.SAGAR AND JAWAHAR SAGAR.
@ KOYNA - POTENTIAL OF 3523 MU IS CORRESPONDING TO 87 TMC OF WATER AVAILABLE FOR POWER GENERATION AS PER KRISHNA WATER DISPUTE TRIBUNAL AWARD FOR KOYNA I,II,III & IV.
* RANJIT SAGAR - ENERGY CONTENT AT F.R.L. WORKED OUT CONSIDERING NIL INFLOW IN THE RESERVIOR.
,DAILY REPORT OF HYDRO RESERVOIRS FOR,29-Apr-2009,1
,FULL,PRESENT,RESERVIOR,MIN. DRAW,ANNUAL,ENERGY ENERGY,EFF.,EFF. CAP,CUMMULATIVE
,RESERVOIR,RESERVOIR,LEVEL ON,DOWN,DESIGN,CONTENT CONTENT,CAP.,AT,ENERGY
,RESERVOIR,STATE,LEVEL,LEVEL,THE SAME,LEVEL,POTEN-,AT,AT,AT,PRESENT,GEN. FROM
,DAY LAST,TIAL,F.R.L. PRESENT,F.R.L.,LEVEL,1ST. OF
,YEAR,LEVEL,THE MONTH

,M,FT,M,FT,M,FT,M,FT,MU,MU,MU,MCM,MAFT,MCM,MAFT

BHAKRA,PUNJAB,513.59,1685.01,471.89,1548.21,462.51,1517.42,445.62,1462.01,5282.00,1728.80,308.64,6516.07,5.28,1403.71,1.14,224.05


PONG,PUNJAB,426.72,1400.00,402.52,1320.59,393.43,1290.78,384.05,1260.01,1123.00,1084.00,248.29,6946.00,5.63,1914.82,1.55,17.57


RANJIT SAGAR,PUNJAB,527.91,1731.99,498.02,1633.92,504.02,1653.61,487.91,1600.75,1507.00,390.30,82.04,7199.17,5.84,389.04,0.32,97.49


R.P. SAGAR,RAJASTHAN,352.81,1157.51,345.65,1134.03,351.79,1154.17,343.81,1127.99,459.00,175.66,30.95,1568.98,1.27,373.84,0.30,0.00


RIHAND,UTTAR PRADESH,268.22,879.99,256.28,840.80,255.33,837.70,252.98,829.99,920.00,860.50,127.50,5845.50,4.74,930.08,0.75,44.10


RAM GANGA,UTTARAKHAND,366.00,1200.79,337.60,1107.61,336.27,1103.25,323.00,1059.71,164.00,480.80,77.97,2109.25,1.71,478.74,0.39,15.62


TEHRI,UTTARAKHAND,829.79,2722.41,755.96,2480.18,747.2,2451.44,740.04,2427.95,309.00,1291.49,112.22,2615.00,2.12,303.19,0.25,183.57


SARDAR SAROVAR,GUJARAT,138.68,454.99,121.00,396.98,118.25,387.96,110.84,363.65,5469.00,1817.55,371.68,5760.00,4.67,1399.28,1.13,103.92


UKAI,GUJARAT,105.16,345.01,93.13,305.54,96.12,315.35,82.30,270.01,1080.00,813.08,236.96,6619.15,5.37,2016.00,1.63,57.01


GANDHI SAGAR,MADHYA PRADESH,399.90,1312.01,382.46,1254.80,385.82,1265.81,381.00,1250.00,420.48,725.00,20.20,6911.19,5.60,225.73,0.18,7.14


INDIRA SAGAR,MADHYA PRADESH,262.14,860.04,246.69,809.35,246.82,809.78,243.24,798.03,2628.00,1316.12,111.88,9706.00,7.87,875.44,0.71,102.67


BHIRA,MAHARASHTRA,606.03,1988.29,596.10,1955.71,596.57,1957.25,590.09,1935.99,790.00,618.80,197.09,522.76,0.42,166.52,0.14,32.18


KOYNA,MAHARASHTRA,657.91,2158.50,643.62,2111.60,643.04,2109.71,609.60,2000.00,3130.00,3126.10,1638.40,2677.14,2.17,1387.00,1.12,564.32


MACHKUND,ANDHRA PRADESH,838.20,2750.00,828.05,2716.70,835.88,2742.39,513.59,1685.01,670.00,551.60,158.51,892.55,0.72,256.48,0.21,41.76


NAGARJUN SAGAR,ANDHRA PRADESH,179.83,589.99,153.62,504.00,160.63,527.00,150.88,495.01,2237.00,1398.13,85.62,6537.80,5.30,473.42,0.38,12.86


SRISAILAM,ANDHRA PRADESH,269.75,885.01,245.36,804.99,258.26,847.31,243.84,800.00,4300.00,1391.84,28.88,7105.96,5.76,148.72,0.12,24.88


ALMATTI,KARNATAKA,519.62,1704.79,507.15,1663.88,508.78,1669.23,505.97,1660.01,483.00,175.35,3.56,2631.50,2.13,68.48,0.06,0.49

,133260.00
KALINDI SUPA,KARNATAKA,563.88,1850.00,525.01,1722.47,533.6,1750.66,513.52,1684.78,542.00,2885.00,356.32,108.04,16400.86,13.30,32.80


SHARAVATHY,KARNATAKA,554.43,1819.00,537.15,1762.30,540.29,1772.60,522.73,1714.99,5564.00,4557.03,907.70,4297.08,3.48,855.93,0.69,416.40


IDAMALAYAR,KERALA,169.00,554.46,135.62,444.95,142.02,465.94,114.99,377.26,380.00,254.45,57.36,1017.80,0.83,231.79,0.19,17.36


IDUKKI,KERALA,732.35,2402.72,707.79,2322.15,709.84,2328.87,694.94,2279.99,2398.00,2146.32,526.61,1459.50,1.18,358.09,0.29,181.48
,DAILY REPORT OF HYDRO RESERVOIRS FOR,29-Apr-2009,2
,FULL,PRESENT,RESERVIOR,MIN. DRAW,ANNUAL,ENERGY ENERGY,EFF.,EFF. CAP,CUMMULATIVE
,RESERVOIR,RESERVOIR,LEVEL ON,DOWN,DESIGN,CONTENT CONTENT,CAP.,AT,ENERGY
,RESERVOIR,STATE,LEVEL,LEVEL,THE SAME,LEVEL,POTEN-,AT,AT,AT,PRESENT,GEN. FROM
,DAY LAST,TIAL,F.R.L. PRESENT,F.R.L.,LEVEL,1ST. OF
,YEAR,LEVEL,THE MONTH

,M,FT,M,FT,M,FT,M,FT,MU,MU,MU,MCM,MAFT,MCM,MAFT

MADUPATTY,KERALA,1599.38,5247.31,1586.05,5203.58,1588.75,5212.43,1554.48,5100.00,6.40,77.40,34.03,55.32,0.04,24.13,0.02,0.00


SABRIGRI,KERALA,981.46,3220.01,967.35,3173.72,959.79,3148.92,908.30,2979.99,1338.00,764.00,417.36,446.26,0.36,259.11,0.21,97.45


KUNDAH GROUP,TAMIL NADU,1328.74,634,2080.05,1315.00,1270.00,405.00,346.50,0.28,293.91


METTURE,TAMIL NADU,240.79,789.99,220.92,724.80,234.07,767.95,211.23,693.01,790.00,204.00,26.76,2504.70,2.03,451.74,0.37,578.52


PERIYAR,TAMIL NADU,46.33,152.00,33.65,110.40,40.54,133.01,33.53,110.01,409.00,216.00,273.51,0.22,1.81,0.00,0.00


BALIMELA,ORISSA,462.08,1516.01,440.16,1444.10,446.53,1464.99,438.91,1439.99,1183.00,897.75,29.21,2675.96,2.17,87.07,0.07,68.07


HIRAKUD,ORISSA,192.02,629.99,183.34,601.52,185.14,607.41,179.83,589.99,1174.00,372.28,45.61,4709.43,3.82,721.49,0.58,24.29


INDRAVATI,ORISSA,641.84,2105.77,626.98,2057.02,628.53,2062.11,625.00,2050.52,1962.00,1213.13,59.67,1485.50,1.20,142.77,0.12,174.86


RENGALI,ORISSA,123.44,404.99,112.02,367.52,111.71,366.50,109.72,359.97,525.00,275.00,15.08,3167.81,2.57,281.50,0.23,30.52


UPPER KOLAB,ORISSA,857.78,2814.24,846.13,2776.02,848.19,2782.78,843.78,2768.31,832.00,540.00,46.93,935.00,0.76,109.37,0.09,63.65


LOKTAK,MANIPUR,768.50,2521.33,766.85,2515.91,767.62,2518.44,766.01,2513.16,450.00,250.00,25.33,0.00,0.00,16.58


** BHAKRA - POTENTIAL OF 5282 MU INCLUDES THOSE OF GANGWAL AND KOTLA STATIONS AND CORRESPONDS TO A DRY YEAR. THE POTENTIAL FOR A DEPENDABLE YEAR IS 6057 MU.
*** INCLUDES GANGUWAL & KOTLA.
$ UKAI - THE POTENTIAL FOR DEPENDABLE YEAR DURING THE INITIAL YEAR IS 1080 MU AND WOULD REDUCE TO 605 MU AS AND WHEN UPSTREAM IRRIGATION DEVELOPS.
$$ ENERGY CONTENT AT GANDHI SAGAR INCLUDES FOR GENERATION AT R.P.SAGAR AND JAWAHAR SAGAR.
@ KOYNA - POTENTIAL OF 3523 MU IS CORRESPONDING TO 87 TMC OF WATER AVAILABLE FOR POWER GENERATION AS PER KRISHNA WATER DISPUTE TRIBUNAL AWARD FOR KOYNA I,II,III & IV.
* RANJIT SAGAR - ENERGY CONTENT AT F.R.L. WORKED OUT CONSIDERING NIL INFLOW IN THE RESERVIOR.
,DAILY REPORT OF HYDRO RESERVOIRS FOR,30-Apr-2009,1
,FULL,PRESENT,RESERVIOR,MIN. DRAW,ANNUAL,ENERGY ENERGY,EFF.,EFF. CAP,CUMMULATIVE
,RESERVOIR,RESERVOIR,LEVEL ON,DOWN,DESIGN,CONTENT CONTENT,CAP.,AT,ENERGY
,RESERVOIR,STATE,LEVEL,LEVEL,THE SAME,LEVEL,POTEN-,AT,AT,AT,PRESENT,GEN. FROM
,DAY LAST,TIAL,F.R.L. PRESENT,F.R.L.,LEVEL,1ST. OF
,YEAR,LEVEL,THE MONTH

,M,FT,M,FT,M,FT,M,FT,MU,MU,MU,MCM,MAFT,MCM,MAFT

BHAKRA,PUNJAB,513.59,1685.01,471.72,1547.63,462.44,1517.19,445.62,1462.01,5282.00,1728.80,305.33,6516.07,5.28,1389.89,1.13,233.66


PONG,PUNJAB,426.72,1400.00,402.33,1319.99,393.32,1290.42,384.05,1260.01,1123.00,1084.00,244.34,6946.00,5.63,1887.26,1.53,20.99


RANJIT SAGAR,PUNJAB,527.91,1731.99,497.80,1633.20,504.28,1654.46,487.91,1600.75,1507.00,390.30,79.97,7199.17,5.84,380.65,0.31,102.71


R.P. SAGAR,RAJASTHAN,352.81,1157.51,345.71,1134.22,351.82,1154.27,343.81,1127.99,459.00,175.66,31.40,1568.98,1.27,382.28,0.31,0.00


RIHAND,UTTAR PRADESH,268.22,879.99,256.21,840.60,255.3,837.60,252.98,829.99,920.00,860.50,125.00,5845.50,4.74,911.90,0.74,47.41


RAM GANGA,UTTARAKHAND,366.00,1200.79,337.15,1106.14,335.36,1100.26,323.00,1059.71,164.00,480.80,74.01,2109.25,1.71,462.08,0.37,17.07


TEHRI,UTTARAKHAND,829.79,2722.41,754.90,2476.71,746.7,2449.80,740.04,2427.95,309.00,1291.49,103.29,2615.00,2.12,280.40,0.23,190.18


SARDAR SAROVAR,GUJARAT,138.68,454.99,114.71,376.35,118.3,388.12,110.84,363.65,5469.00,1817.55,118.28,5760.00,4.67,462.43,0.37,108.37


UKAI,GUJARAT,105.16,345.01,105.16,345.01,96.05,315.12,82.30,270.01,1080.00,813.08,6619.15,5.37,6616.54,5.36,58.02


GANDHI SAGAR,MADHYA PRADESH,399.90,1312.01,399.90,1312.00,385.82,1265.81,381.00,1250.00,420.48,725.00,705.54,6911.19,5.60,7.50


INDIRA SAGAR,MADHYA PRADESH,262.14,860.04,262.14,860.04,246.68,809.32,243.24,798.03,2628.00,1316.12,1315.67,9706.00,7.87,9700.32,7.86,112.43


BHIRA,MAHARASHTRA,606.03,1988.29,596.05,1955.54,596.51,1957.05,590.09,1935.99,790.00,618.80,195.22,522.76,0.42,164.95,0.13,32.89


KOYNA,MAHARASHTRA,657.91,2158.50,657.90,2158.48,642,2106.30,609.60,2000.00,3130.00,3126.10,3125.26,2677.14,2.17,2676.65,2.17,579.49


MACHKUND,ANDHRA PRADESH,838.20,2750.00,827.97,2716.44,835.76,2741.99,513.59,1685.01,670.00,551.60,156.50,892.55,0.72,253.22,0.21,43.28


NAGARJUN SAGAR,ANDHRA PRADESH,179.83,589.99,153.62,504.00,160.84,527.69,150.88,495.01,2237.00,1398.13,85.62,6537.80,5.30,473.42,0.38,12.91


SRISAILAM,ANDHRA PRADESH,269.75,885.01,245.33,804.89,257.95,846.29,243.84,800.00,4300.00,1391.84,28.22,7105.96,5.76,145.33,0.12,25.57


ALMATTI,KARNATAKA,519.62,1704.79,507.14,1663.85,508.78,1669.23,505.97,1660.01,483.00,175.35,3.54,2631.50,2.13,68.03,0.06,0.49

,133260.00
KALINDI SUPA,KARNATAKA,563.88,1850.00,524.90,1722.11,533.3,1749.67,513.52,1684.78,542.00,2885.00,351.94,108.04,16193.67,13.13,33.98


SHARAVATHY,KARNATAKA,554.43,1819.00,537.01,1761.84,540.17,1772.21,522.73,1714.99,5564.00,4557.03,892.20,4297.08,3.48,841.31,0.68,432.31


IDAMALAYAR,KERALA,169.00,554.46,134.80,442.26,141.73,464.99,114.99,377.26,380.00,254.45,54.29,1017.80,0.83,217.46,0.18,18.47


IDUKKI,KERALA,732.35,2402.72,707.46,2321.06,709.61,2328.12,694.94,2279.99,2398.00,2146.32,509.86,1459.50,1.18,346.70,0.28,187.90
,DAILY REPORT OF HYDRO RESERVOIRS FOR,30-Apr-2009,2
,FULL,PRESENT,RESERVIOR,MIN. DRAW,ANNUAL,ENERGY ENERGY,EFF.,EFF. CAP,CUMMULATIVE
,RESERVOIR,RESERVOIR,LEVEL ON,DOWN,DESIGN,CONTENT CONTENT,CAP.,AT,ENERGY
,RESERVOIR,STATE,LEVEL,LEVEL,THE SAME,LEVEL,POTEN-,AT,AT,AT,PRESENT,GEN. FROM
,DAY LAST,TIAL,F.R.L. PRESENT,F.R.L.,LEVEL,1ST. OF
,YEAR,LEVEL,THE MONTH

,M,FT,M,FT,M,FT,M,FT,MU,MU,MU,MCM,MAFT,MCM,MAFT

MADUPATTY,KERALA,1599.38,5247.31,1586.20,5204.07,1588.5,5211.61,1554.48,5100.00,6.40,77.40,34.45,55.32,0.04,24.43,0.02,0.00


SABRIGRI,KERALA,981.46,3220.01,967.04,3172.70,959.49,3147.93,908.30,2979.99,1338.00,764.00,412.00,446.26,0.36,255.81,0.21,101.13


KUNDAH GROUP,TAMIL NADU,1318.90,629,2063.65,1315.00,1270.00,402.00,346.50,0.28,304.06


METTURE,TAMIL NADU,240.79,789.99,220.90,724.74,234.07,767.95,211.23,693.01,790.00,204.00,26.69,2504.70,2.03,450.48,0.37,598.60


PERIYAR,TAMIL NADU,46.33,152.00,33.62,110.30,40.57,133.10,33.53,110.01,409.00,216.00,273.51,0.22,1.37,0.00,0.00


BALIMELA,ORISSA,462.08,1516.01,440.16,1444.10,446.29,1464.21,438.91,1439.99,1183.00,897.75,29.21,2675.96,2.17,87.07,0.07,71.99


HIRAKUD,ORISSA,192.02,629.99,183.34,601.52,185.02,607.02,179.83,589.99,1174.00,372.28,45.61,4709.43,3.82,721.49,0.58,25.62


INDRAVATI,ORISSA,641.84,2105.77,626.98,2057.02,628.31,2061.38,625.00,2050.52,1962.00,1213.13,59.67,1485.50,1.20,142.77,0.12,183.09


RENGALI,ORISSA,123.44,404.99,112.02,367.52,111.5,365.81,109.72,359.97,525.00,275.00,15.08,3167.81,2.57,281.50,0.23,32.22


UPPER KOLAB,ORISSA,857.78,2814.24,846.13,2776.02,847.94,2781.96,843.78,2768.31,832.00,540.00,46.93,935.00,0.76,109.37,0.09,66.14


LOKTAK,MANIPUR,768.50,2521.33,766.80,2515.75,767.61,2518.41,766.01,2513.16,450.00,250.00,22.85,0.00,0.00,17.22


** BHAKRA - POTENTIAL OF 5282 MU INCLUDES THOSE OF GANGWAL AND KOTLA STATIONS AND CORRESPONDS TO A DRY YEAR. THE POTENTIAL FOR A DEPENDABLE YEAR IS 6057 MU.
*** INCLUDES GANGUWAL & KOTLA.
$ UKAI - THE POTENTIAL FOR DEPENDABLE YEAR DURING THE INITIAL YEAR IS 1080 MU AND WOULD REDUCE TO 605 MU AS AND WHEN UPSTREAM IRRIGATION DEVELOPS.
$$ ENERGY CONTENT AT GANDHI SAGAR INCLUDES FOR GENERATION AT R.P.SAGAR AND JAWAHAR SAGAR.
@ KOYNA - POTENTIAL OF 3523 MU IS CORRESPONDING TO 87 TMC OF WATER AVAILABLE FOR POWER GENERATION AS PER KRISHNA WATER DISPUTE TRIBUNAL AWARD FOR KOYNA I,II,III & IV.
* RANJIT SAGAR - ENERGY CONTENT AT F.R.L. WORKED OUT CONSIDERING NIL INFLOW IN THE RESERVIOR.

